GVKEY,LPERMNO,datadate,fyearq,fqtr,indfmt,consol,popsrc,datafmt,curcdq,datacqtr,datafqtr,atq,ltq,costat,mkvaltq,conml
001447,59176,2010/03/31,2010,1,INDL,C,D,STD,USD,2010Q1,2010Q1,143314.0000,129889.0000,A,49388.2200,American Express Co
001447,59176,2010/06/30,2010,2,INDL,C,D,STD,USD,2010Q2,2010Q2,143763.0000,129250.0000,A,47719.4000,American Express Co
001447,59176,2010/09/30,2010,3,INDL,C,D,STD,USD,2010Q3,2010Q3,146056.0000,130136.0000,A,50604.1200,American Express Co
001447,59176,2010/12/31,2010,4,INDL,C,D,STD,USD,2010Q4,2010Q4,147042.0000,130812.0000,A,51375.2400,American Express Co
001447,59176,2011/03/31,2011,1,INDL,C,D,STD,USD,2011Q1,2011Q1,143979.0000,126497.0000,A,54330.4000,American Express Co
001447,59176,2011/06/30,2011,2,INDL,C,D,STD,USD,2011Q2,2011Q2,147796.0000,129591.0000,A,61678.1000,American Express Co
001447,59176,2011/09/30,2011,3,INDL,C,D,STD,USD,2011Q3,2011Q3,148693.0000,130593.0000,A,52488.1000,American Express Co
001447,59176,2011/12/31,2011,4,INDL,C,D,STD,USD,2011Q4,2011Q4,153337.0000,134543.0000,A,54905.8800,American Express Co
001447,59176,2012/03/31,2012,1,INDL,C,D,STD,USD,2012Q1,2012Q1,151784.0000,131877.0000,A,67464.7600,American Express Co
001447,59176,2012/06/30,2012,2,INDL,C,D,STD,USD,2012Q2,2012Q2,148128.0000,128861.0000,A,66301.1900,American Express Co
001447,59176,2012/09/30,2012,3,INDL,C,D,STD,USD,2012Q3,2012Q3,152873.0000,133395.0000,A,63796.9200,American Express Co
001447,59176,2012/12/31,2012,4,INDL,C,D,STD,USD,2012Q4,2012Q4,153140.0000,134254.0000,A,63515.4000,American Express Co
001447,59176,2013/03/31,2013,1,INDL,C,D,STD,USD,2013Q1,2013Q1,156855.0000,137565.0000,A,74071.0800,American Express Co
001447,59176,2013/06/30,2013,2,INDL,C,D,STD,USD,2013Q2,2013Q2,151933.0000,132899.0000,A,81039.8400,American Express Co
001447,59176,2013/09/30,2013,3,INDL,C,D,STD,USD,2013Q3,2013Q3,150103.0000,130887.0000,A,80881.9200,American Express Co
001447,59176,2013/12/31,2013,4,INDL,C,D,STD,USD,2013Q4,2013Q4,153375.0000,133879.0000,A,96536.7200,American Express Co
001447,59176,2014/03/31,2014,1,INDL,C,D,STD,USD,2014Q1,2014Q1,151497.0000,131520.0000,A,95341.7700,American Express Co
001447,59176,2014/06/30,2014,2,INDL,C,D,STD,USD,2014Q2,2014Q2,152384.0000,132171.0000,A,99234.0200,American Express Co
001447,59176,2014/09/30,2014,3,INDL,C,D,STD,USD,2014Q3,2014Q3,153862.0000,133646.0000,A,90603.9000,American Express Co
001447,59176,2014/12/31,2014,4,INDL,C,D,STD,USD,2014Q4,2014Q4,159103.0000,138430.0000,A,95179.9200,American Express Co
001447,59176,2015/03/31,2015,1,INDL,C,D,STD,USD,2015Q1,2015Q1,154684.0000,132854.0000,A,79369.9200,American Express Co
001447,59176,2015/06/30,2015,2,INDL,C,D,STD,USD,2015Q2,2015Q2,157152.0000,135267.0000,A,77875.4400,American Express Co
001447,59176,2015/09/30,2015,3,INDL,C,D,STD,USD,2015Q3,2015Q3,154216.0000,132881.0000,A,73018.0500,American Express Co
001447,59176,2015/12/31,2015,4,INDL,C,D,STD,USD,2015Q4,2015Q4,161184.0000,140511.0000,A,67393.9500,American Express Co
001447,59176,2016/03/31,2016,1,INDL,C,D,STD,USD,2016Q1,2016Q1,158816.0000,138089.0000,A,58391.4000,American Express Co
001447,59176,2016/06/30,2016,2,INDL,C,D,STD,USD,2016Q2,2016Q2,159642.0000,138930.0000,A,56203.0000,American Express Co
001447,59176,2016/09/30,2016,3,INDL,C,D,STD,USD,2016Q3,2016Q3,153377.0000,132360.0000,A,58724.6800,American Express Co
001447,59176,2016/12/31,2016,4,INDL,C,D,STD,USD,2016Q4,2016Q4,158893.0000,138392.0000,A,66968.3200,American Express Co
001690,14593,2010/03/31,2010,2,INDL,C,D,STD,USD,2010Q1,2010Q2,57057.0000,17709.0000,A,213764.4600,Apple Inc
001690,14593,2010/06/30,2010,3,INDL,C,D,STD,USD,2010Q2,2010Q3,64725.0000,21614.0000,A,229768.1275,Apple Inc
001690,14593,2010/09/30,2010,4,INDL,C,D,STD,USD,2010Q3,2010Q4,75183.0000,27392.0000,A,259906.4875,Apple Inc
001690,14593,2010/12/31,2011,1,INDL,C,D,STD,USD,2010Q4,2011Q1,86742.0000,32076.0000,A,297089.0496,Apple Inc
001690,14593,2011/03/31,2011,2,INDL,C,D,STD,USD,2011Q1,2011Q2,94904.0000,33427.0000,A,322255.8241,Apple Inc
001690,14593,2011/06/30,2011,3,INDL,C,D,STD,USD,2011Q2,2011Q3,106758.0000,37415.0000,A,311133.8657,Apple Inc
001690,14593,2011/09/30,2011,4,INDL,C,D,STD,USD,2011Q3,2011Q4,116371.0000,39756.0000,A,354351.9056,Apple Inc
001690,14593,2011/12/31,2012,1,INDL,C,D,STD,USD,2011Q4,2012Q1,138681.0000,48627.0000,A,377546.6700,Apple Inc
001690,14593,2012/03/31,2012,2,INDL,C,D,STD,USD,2012Q1,2012Q2,150934.0000,48436.0000,A,560568.4581,Apple Inc
001690,14593,2012/06/30,2012,3,INDL,C,D,STD,USD,2012Q2,2012Q3,162896.0000,51150.0000,A,547363.3440,Apple Inc
001690,14593,2012/09/30,2012,4,INDL,C,D,STD,USD,2012Q3,2012Q4,176064.0000,57854.0000,A,626550.3528,Apple Inc
001690,14593,2012/12/31,2013,1,INDL,C,D,STD,USD,2012Q4,2013Q1,196088.0000,68742.0000,A,499695.9844,Apple Inc
001690,14593,2013/03/31,2013,2,INDL,C,D,STD,USD,2013Q1,2013Q2,194743.0000,59253.0000,A,416142.0100,Apple Inc
001690,14593,2013/06/30,2013,3,INDL,C,D,STD,USD,2013Q2,2013Q3,199856.0000,76502.0000,A,360224.5063,Apple Inc
001690,14593,2013/09/30,2013,4,INDL,C,D,STD,USD,2013Q3,2013Q4,207000.0000,83451.0000,A,428699.7978,Apple Inc
001690,14593,2013/12/31,2014,1,INDL,C,D,STD,USD,2013Q4,2014Q1,225184.0000,95500.0000,A,500680.6159,Apple Inc
001690,14593,2014/03/31,2014,2,INDL,C,D,STD,USD,2014Q1,2014Q2,205989.0000,85810.0000,A,462533.0113,Apple Inc
001690,14593,2014/06/30,2014,3,INDL,C,D,STD,USD,2014Q2,2014Q3,222520.0000,101580.0000,A,556573.6610,Apple Inc
001690,14593,2014/09/30,2014,4,INDL,C,D,STD,USD,2014Q3,2014Q4,231839.0000,120292.0000,A,591015.7208,Apple Inc
001690,14593,2014/12/31,2015,1,INDL,C,D,STD,USD,2014Q4,2015Q1,261894.0000,138566.0000,A,643120.1292,Apple Inc
001690,14593,2015/03/31,2015,2,INDL,C,D,STD,USD,2015Q1,2015Q2,261194.0000,132188.0000,A,717000.2515,Apple Inc
001690,14593,2015/06/30,2015,3,INDL,C,D,STD,USD,2015Q2,2015Q3,273151.0000,147474.0000,A,715599.7950,Apple Inc
001690,14593,2015/09/30,2015,4,INDL,C,D,STD,USD,2015Q3,2015Q4,290479.0000,171124.0000,A,615336.4559,Apple Inc
001690,14593,2015/12/31,2016,1,INDL,C,D,STD,USD,2015Q4,2016Q1,293284.0000,165017.0000,A,583612.7016,Apple Inc
001690,14593,2016/03/31,2016,2,INDL,C,D,STD,USD,2016Q1,2016Q2,305277.0000,174820.0000,A,597095.8295,Apple Inc
001690,14593,2016/06/30,2016,3,INDL,C,D,STD,USD,2016Q2,2016Q3,305602.0000,179061.0000,A,515586.5740,Apple Inc
001690,14593,2016/09/30,2016,4,INDL,C,D,STD,USD,2016Q3,2016Q4,321686.0000,193437.0000,A,603253.5663,Apple Inc
001690,14593,2016/12/31,2017,1,INDL,C,D,STD,USD,2016Q4,2017Q1,331141.0000,198751.0000,A,608683.0919,Apple Inc
002136,65875,2010/03/31,2010,1,INDL,C,D,STD,USD,2010Q1,2010Q1,227347.0000,142695.0000,A,87685.2266,Verizon Communications Inc
002136,65875,2010/06/30,2010,2,INDL,C,D,STD,USD,2010Q2,2010Q2,226251.0000,141778.0000,A,79205.3108,Verizon Communications Inc
002136,65875,2010/09/30,2010,3,INDL,C,D,STD,USD,2010Q3,2010Q3,220852.0000,136228.0000,A,92124.8580,Verizon Communications Inc
002136,65875,2010/12/31,2010,4,INDL,C,D,STD,USD,2010Q4,2010Q4,220005.0000,133093.0000,A,101150.8829,Verizon Communications Inc
002136,65875,2011/03/31,2011,1,INDL,C,D,STD,USD,2011Q1,2011Q1,228108.0000,139244.0000,A,109032.6661,Verizon Communications Inc
002136,65875,2011/06/30,2011,2,INDL,C,D,STD,USD,2011Q2,2011Q2,223756.0000,133044.0000,A,105382.5306,Verizon Communications Inc
002136,65875,2011/09/30,2011,3,INDL,C,D,STD,USD,2011Q3,2011Q3,228032.0000,140517.0000,A,104184.1488,Verizon Communications Inc
002136,65875,2011/12/31,2011,4,INDL,C,D,STD,USD,2011Q4,2011Q4,230461.0000,144553.0000,A,113700.7219,Verizon Communications Inc
002136,65875,2012/03/31,2012,1,INDL,C,D,STD,USD,2012Q1,2012Q1,222921.0000,134500.0000,A,108611.4300,Verizon Communications Inc
002136,65875,2012/06/30,2012,2,INDL,C,D,STD,USD,2012Q2,2012Q2,226072.0000,135644.0000,A,126609.5600,Verizon Communications Inc
002136,65875,2012/09/30,2012,3,INDL,C,D,STD,USD,2012Q3,2012Q3,231082.0000,138454.0000,A,130056.7800,Verizon Communications Inc
002136,65875,2012/12/31,2012,4,INDL,C,D,STD,USD,2012Q4,2012Q4,225222.0000,139689.0000,A,123690.2806,Verizon Communications Inc
002136,65875,2013/03/31,2013,1,INDL,C,D,STD,USD,2013Q1,2013Q1,226186.0000,138598.0000,A,140618.1500,Verizon Communications Inc
002136,65875,2013/06/30,2013,2,INDL,C,D,STD,USD,2013Q2,2013Q2,223346.0000,136190.0000,A,144073.0800,Verizon Communications Inc
002136,65875,2013/09/30,2013,3,INDL,C,D,STD,USD,2013Q3,2013Q3,276675.0000,186410.0000,A,133572.2279,Verizon Communications Inc
002136,65875,2013/12/31,2013,4,INDL,C,D,STD,USD,2013Q4,2013Q4,274098.0000,178682.0000,A,140638.6800,Verizon Communications Inc
002136,65875,2014/03/31,2014,1,INDL,C,D,STD,USD,2014Q1,2014Q1,221562.0000,207711.0000,A,196994.4579,Verizon Communications Inc
002136,65875,2014/06/30,2014,2,INDL,C,D,STD,USD,2014Q2,2014Q2,224427.0000,208415.0000,A,202826.2018,Verizon Communications Inc
002136,65875,2014/09/30,2014,3,INDL,C,D,STD,USD,2014Q3,2014Q3,226293.0000,208325.0000,A,207444.7028,Verizon Communications Inc
002136,65875,2014/12/31,2014,4,INDL,C,D,STD,USD,2014Q4,2014Q4,232708.0000,219032.0000,A,194369.2159,Verizon Communications Inc
002136,65875,2015/03/31,2015,1,INDL,C,D,STD,USD,2015Q1,2015Q1,235790.0000,225031.0000,A,198336.8228,Verizon Communications Inc
002136,65875,2015/06/30,2015,2,INDL,C,D,STD,USD,2015Q2,2015Q2,240753.0000,227879.0000,A,189501.8575,Verizon Communications Inc
002136,65875,2015/09/30,2015,3,INDL,C,D,STD,USD,2015Q3,2015Q3,242073.0000,227531.0000,A,177036.6642,Verizon Communications Inc
002136,65875,2015/12/31,2015,4,INDL,C,D,STD,USD,2015Q4,2015Q4,244640.0000,226798.0000,A,188262.1485,Verizon Communications Inc
002136,65875,2016/03/31,2016,1,INDL,C,D,STD,USD,2016Q1,2016Q1,244587.0000,224484.0000,A,220445.6550,Verizon Communications Inc
002136,65875,2016/06/30,2016,2,INDL,C,D,STD,USD,2016Q2,2016Q2,231870.0000,211126.0000,A,227620.7037,Verizon Communications Inc
002136,65875,2016/09/30,2016,3,INDL,C,D,STD,USD,2016Q3,2016Q3,239498.0000,217515.0000,A,211903.4353,Verizon Communications Inc
002136,65875,2016/12/31,2016,4,INDL,C,D,STD,USD,2016Q4,2016Q4,244180.0000,220148.0000,A,217613.3919,Verizon Communications Inc
002285,19561,2010/03/31,2010,1,INDL,C,D,STD,USD,2010Q1,2010Q1,62970.0000,59931.0000,A,52915.6267,Boeing Co
002285,19561,2010/06/30,2010,2,INDL,C,D,STD,USD,2010Q2,2010Q2,63755.0000,60582.0000,A,45882.1725,Boeing Co
002285,19561,2010/09/30,2010,3,INDL,C,D,STD,USD,2010Q3,2010Q3,65222.0000,60670.0000,A,48799.7706,Boeing Co
002285,19561,2010/12/31,2010,4,INDL,C,D,STD,USD,2010Q4,2010Q4,68565.0000,65703.0000,A,47983.0023,Boeing Co
002285,19561,2011/03/31,2011,1,INDL,C,D,STD,USD,2011Q1,2011Q1,68760.0000,64753.0000,A,54557.0871,Boeing Co
002285,19561,2011/06/30,2011,2,INDL,C,D,STD,USD,2011Q2,2011Q2,72119.0000,67295.0000,A,54750.4140,Boeing Co
002285,19561,2011/09/30,2011,3,INDL,C,D,STD,USD,2011Q3,2011Q3,74163.0000,68102.0000,A,44951.8503,Boeing Co
002285,19561,2011/12/31,2011,4,INDL,C,D,STD,USD,2011Q4,2011Q4,79986.0000,76378.0000,A,54624.1118,Boeing Co
002285,19561,2012/03/31,2012,1,INDL,C,D,STD,USD,2012Q1,2012Q1,80205.0000,75085.0000,A,55682.7526,Boeing Co
002285,19561,2012/06/30,2012,2,INDL,C,D,STD,USD,2012Q2,2012Q2,81595.0000,75703.0000,A,55825.1564,Boeing Co
002285,19561,2012/09/30,2012,3,INDL,C,D,STD,USD,2012Q3,2012Q3,83654.0000,75972.0000,A,52455.7698,Boeing Co
002285,19561,2012/12/31,2012,4,INDL,C,D,STD,USD,2012Q4,2012Q4,88896.0000,82929.0000,A,56944.3522,Boeing Co
002285,19561,2013/03/31,2013,1,INDL,C,D,STD,USD,2013Q1,2013Q1,90447.0000,82887.0000,A,65101.8579,Boeing Co
002285,19561,2013/06/30,2013,2,INDL,C,D,STD,USD,2013Q2,2013Q2,92091.0000,84459.0000,A,77243.2430,Boeing Co
002285,19561,2013/09/30,2013,3,INDL,C,D,STD,USD,2013Q3,2013Q3,94633.0000,85566.0000,A,88349.4250,Boeing Co
002285,19561,2013/12/31,2013,4,INDL,C,D,STD,USD,2013Q4,2013Q4,92663.0000,77666.0000,A,102009.7597,Boeing Co
002285,19561,2014/03/31,2014,1,INDL,C,D,STD,USD,2014Q1,2014Q1,91575.0000,76942.0000,A,91701.9430,Boeing Co
002285,19561,2014/06/30,2014,2,INDL,C,D,STD,USD,2014Q2,2014Q2,92737.0000,78553.0000,A,91778.2511,Boeing Co
002285,19561,2014/09/30,2014,3,INDL,C,D,STD,USD,2014Q3,2014Q3,92653.0000,78016.0000,A,90929.0666,Boeing Co
002285,19561,2014/12/31,2014,4,INDL,C,D,STD,USD,2014Q4,2014Q4,99198.0000,90408.0000,A,91860.5054,Boeing Co
002285,19561,2015/03/31,2015,1,INDL,C,D,STD,USD,2015Q1,2015Q1,97775.0000,89745.0000,A,104156.1203,Boeing Co
002285,19561,2015/06/30,2015,2,INDL,C,D,STD,USD,2015Q2,2015Q2,98102.0000,91795.0000,A,94477.6142,Boeing Co
002285,19561,2015/09/30,2015,3,INDL,C,D,STD,USD,2015Q3,2015Q3,98998.0000,92212.0000,A,87862.3430,Boeing Co
002285,19561,2015/12/31,2015,4,INDL,C,D,STD,USD,2015Q4,2015Q4,94408.0000,88011.0000,A,96387.1642,Boeing Co
002285,19561,2016/03/31,2016,1,INDL,C,D,STD,USD,2016Q1,2016Q1,91547.0000,87441.0000,A,81218.1161,Boeing Co
002285,19561,2016/06/30,2016,2,INDL,C,D,STD,USD,2016Q2,2016Q2,89609.0000,88962.0000,A,81280.1785,Boeing Co
002285,19561,2016/09/30,2016,3,INDL,C,D,STD,USD,2016Q3,2016Q3,88950.0000,86800.0000,A,81541.7904,Boeing Co
002285,19561,2016/12/31,2016,4,INDL,C,D,STD,USD,2016Q4,2016Q4,89997.0000,89120.0000,A,96078.2234,Boeing Co
002817,18542,2010/03/31,2010,1,INDL,C,D,STD,USD,2010Q1,2010Q1,58836.0000,49362.0000,A,39453.7733,Caterpillar Inc
002817,18542,2010/06/30,2010,2,INDL,C,D,STD,USD,2010Q2,2010Q2,58793.0000,49089.0000,A,37872.5131,Caterpillar Inc
002817,18542,2010/09/30,2010,3,INDL,C,D,STD,USD,2010Q3,2010Q3,61642.0000,51310.0000,A,49938.4320,Caterpillar Inc
002817,18542,2010/12/31,2010,4,INDL,C,D,STD,USD,2010Q4,2010Q4,64020.0000,52695.0000,A,59832.1622,Caterpillar Inc
002817,18542,2011/03/31,2011,1,INDL,C,D,STD,USD,2011Q1,2011Q1,66387.0000,53256.0000,A,71759.7302,Caterpillar Inc
002817,18542,2011/06/30,2011,2,INDL,C,D,STD,USD,2011Q2,2011Q2,73611.0000,59715.0000,A,68780.2928,Caterpillar Inc
002817,18542,2011/09/30,2011,3,INDL,C,D,STD,USD,2011Q3,2011Q3,77767.0000,63063.0000,A,47746.4208,Caterpillar Inc
002817,18542,2011/12/31,2011,4,INDL,C,D,STD,USD,2011Q4,2011Q4,81446.0000,68044.0000,A,58666.4898,Caterpillar Inc
002817,18542,2012/03/31,2012,1,INDL,C,D,STD,USD,2012Q1,2012Q1,83908.0000,68437.0000,A,69487.0438,Caterpillar Inc
002817,18542,2012/06/30,2012,2,INDL,C,D,STD,USD,2012Q2,2012Q2,88838.0000,72857.0000,A,55469.0708,Caterpillar Inc
002817,18542,2012/09/30,2012,3,INDL,C,D,STD,USD,2012Q3,2012Q3,90541.0000,72605.0000,A,56264.4814,Caterpillar Inc
002817,18542,2012/12/31,2012,4,INDL,C,D,STD,USD,2012Q4,2012Q4,89356.0000,71774.0000,A,58697.9583,Caterpillar Inc
002817,18542,2013/03/31,2013,1,INDL,C,D,STD,USD,2013Q1,2013Q1,88743.0000,70425.0000,A,57181.4705,Caterpillar Inc
002817,18542,2013/06/30,2013,2,INDL,C,D,STD,USD,2013Q2,2013Q2,87375.0000,69697.0000,A,53421.7614,Caterpillar Inc
002817,18542,2013/09/30,2013,3,INDL,C,D,STD,USD,2013Q3,2013Q3,87272.0000,69095.0000,A,53072.0904,Caterpillar Inc
002817,18542,2013/12/31,2013,4,INDL,C,D,STD,USD,2013Q4,2013Q4,84896.0000,64018.0000,A,57920.6158,Caterpillar Inc
002817,18542,2014/03/31,2014,1,INDL,C,D,STD,USD,2014Q1,2014Q1,84397.0000,64028.0000,A,62030.1326,Caterpillar Inc
002817,18542,2014/06/30,2014,2,INDL,C,D,STD,USD,2014Q2,2014Q2,87827.0000,66904.0000,A,68228.1335,Caterpillar Inc
002817,18542,2014/09/30,2014,3,INDL,C,D,STD,USD,2014Q3,2014Q3,84488.0000,65592.0000,A,59952.6630,Caterpillar Inc
002817,18542,2014/12/31,2014,4,INDL,C,D,STD,USD,2014Q4,2014Q4,84681.0000,67855.0000,A,55482.4655,Caterpillar Inc
002817,18542,2015/03/31,2015,1,INDL,C,D,STD,USD,2015Q1,2015Q1,82490.0000,65452.0000,A,48309.6293,Caterpillar Inc
002817,18542,2015/06/30,2015,2,INDL,C,D,STD,USD,2015Q2,2015Q2,82242.0000,65081.0000,A,51115.3311,Caterpillar Inc
002817,18542,2015/09/30,2015,3,INDL,C,D,STD,USD,2015Q3,2015Q3,78969.0000,63001.0000,A,38054.8142,Caterpillar Inc
002817,18542,2015/12/31,2015,4,INDL,C,D,STD,USD,2015Q4,2015Q4,78497.0000,63612.0000,A,39574.6031,Caterpillar Inc
002817,18542,2016/03/31,2016,1,INDL,C,D,STD,USD,2016Q1,2016Q1,78307.0000,62554.0000,A,44689.3333,Caterpillar Inc
002817,18542,2016/06/30,2016,2,INDL,C,D,STD,USD,2016Q2,2016Q2,78300.0000,62997.0000,A,44290.5521,Caterpillar Inc
002817,18542,2016/09/30,2016,3,INDL,C,D,STD,USD,2016Q3,2016Q3,76402.0000,60687.0000,A,51936.9302,Caterpillar Inc
002817,18542,2016/12/31,2016,4,INDL,C,D,STD,USD,2016Q4,2016Q4,74704.0000,61491.0000,A,54390.7116,Caterpillar Inc
002968,47896,2010/03/31,2010,1,INDL,C,D,STD,USD,2010Q1,2010Q1,2135796.0000,1971075.0000,A,177897.1810,JPMorgan Chase & Co
002968,47896,2010/06/30,2010,2,INDL,C,D,STD,USD,2010Q2,2010Q2,2014019.0000,1842899.0000,A,145554.4407,JPMorgan Chase & Co
002968,47896,2010/09/30,2010,3,INDL,C,D,STD,USD,2010Q3,2010Q3,2141595.0000,1967765.0000,A,149417.7749,JPMorgan Chase & Co
002968,47896,2010/12/31,2010,4,INDL,C,D,STD,USD,2010Q4,2010Q4,2117605.0000,1941499.0000,A,165874.6715,JPMorgan Chase & Co
002968,47896,2011/03/31,2011,1,INDL,C,D,STD,USD,2011Q1,2011Q1,2198161.0000,2017563.0000,A,183783.4125,JPMorgan Chase & Co
002968,47896,2011/06/30,2011,2,INDL,C,D,STD,USD,2011Q2,2011Q2,2246764.0000,2063885.0000,A,160083.4242,JPMorgan Chase & Co
002968,47896,2011/09/30,2011,3,INDL,C,D,STD,USD,2011Q3,2011Q3,2289240.0000,2106953.0000,A,114422.2957,JPMorgan Chase & Co
002968,47896,2011/12/31,2011,4,INDL,C,D,STD,USD,2011Q4,2011Q4,2265792.0000,2082219.0000,A,125441.9758,JPMorgan Chase & Co
002968,47896,2012/03/31,2012,1,INDL,C,D,STD,USD,2012Q1,2012Q1,2320164.0000,2130895.0000,A,175736.6175,JPMorgan Chase & Co
002968,47896,2012/06/30,2012,2,INDL,C,D,STD,USD,2012Q2,2012Q2,2290146.0000,2098574.0000,A,135660.9860,JPMorgan Chase & Co
002968,47896,2012/09/30,2012,3,INDL,C,D,STD,USD,2012Q3,2012Q3,2321284.0000,2121591.0000,A,153806.1078,JPMorgan Chase & Co
002968,47896,2012/12/31,2012,4,INDL,C,D,STD,USD,2012Q4,2012Q4,2359141.0000,2155072.0000,A,167256.3459,JPMorgan Chase & Co
002968,47896,2013/03/31,2013,1,INDL,C,D,STD,USD,2013Q1,2013Q1,2389349.0000,2182263.0000,A,179862.8639,JPMorgan Chase & Co
002968,47896,2013/06/30,2013,2,INDL,C,D,STD,USD,2013Q2,2013Q2,2439494.0000,2230255.0000,A,198966.4602,JPMorgan Chase & Co
002968,47896,2013/09/30,2013,3,INDL,C,D,STD,USD,2013Q3,2013Q3,2463309.0000,2256639.0000,A,194312.4794,JPMorgan Chase & Co
002968,47896,2013/12/31,2013,4,INDL,C,D,STD,USD,2013Q4,2013Q4,2415689.0000,2204511.0000,A,219657.1958,JPMorgan Chase & Co
002968,47896,2014/03/31,2014,1,INDL,C,D,STD,USD,2014Q1,2014Q1,2476986.0000,2257331.0000,A,229769.9262,JPMorgan Chase & Co
002968,47896,2014/06/30,2014,2,INDL,C,D,STD,USD,2014Q2,2014Q2,2520336.0000,2293022.0000,A,216725.0112,JPMorgan Chase & Co
002968,47896,2014/09/30,2014,3,INDL,C,D,STD,USD,2014Q3,2014Q3,2527005.0000,2295728.0000,A,225188.5054,JPMorgan Chase & Co
002968,47896,2014/12/31,2014,4,INDL,C,D,STD,USD,2014Q4,2014Q4,2573126.0000,2341061.0000,A,232471.4956,JPMorgan Chase & Co
002968,47896,2015/03/31,2015,1,INDL,C,D,STD,USD,2015Q1,2015Q1,2577148.0000,2341284.0000,A,224817.6505,JPMorgan Chase & Co
002968,47896,2015/06/30,2015,2,INDL,C,D,STD,USD,2015Q2,2015Q2,2449599.0000,2208394.0000,A,250581.0199,JPMorgan Chase & Co
002968,47896,2015/09/30,2015,3,INDL,C,D,STD,USD,2015Q3,2015Q3,2417121.0000,2171393.0000,A,224438.4961,JPMorgan Chase & Co
002968,47896,2015/12/31,2015,4,INDL,C,D,STD,USD,2015Q4,2015Q4,2351698.0000,2104125.0000,A,241899.2543,JPMorgan Chase & Co
002968,47896,2016/03/31,2016,1,INDL,C,D,STD,USD,2016Q1,2016Q1,2423808.0000,2173651.0000,A,216547.3460,JPMorgan Chase & Co
002968,47896,2016/06/30,2016,2,INDL,C,D,STD,USD,2016Q2,2016Q2,2466096.0000,2213673.0000,A,224448.5615,JPMorgan Chase & Co
002968,47896,2016/09/30,2016,3,INDL,C,D,STD,USD,2016Q3,2016Q3,2521029.0000,2266698.0000,A,238276.5998,JPMorgan Chase & Co
002968,47896,2016/12/31,2016,4,INDL,C,D,STD,USD,2016Q4,2016Q4,2490972.0000,2236782.0000,A,307295.0851,JPMorgan Chase & Co
002991,14541,2010/03/31,2010,1,INDL,C,D,STD,USD,2010Q1,2010Q1,168932.0000,72880.0000,A,152315.3229,Chevron Corp
002991,14541,2010/06/30,2010,2,INDL,C,D,STD,USD,2010Q2,2010Q2,171746.0000,71455.0000,A,136438.9088,Chevron Corp
002991,14541,2010/09/30,2010,3,INDL,C,D,STD,USD,2010Q3,2010Q3,177199.0000,74234.0000,A,163107.2894,Chevron Corp
002991,14541,2010/12/31,2010,4,INDL,C,D,STD,USD,2010Q4,2010Q4,184769.0000,78958.0000,A,183182.6413,Chevron Corp
002991,14541,2011/03/31,2011,1,INDL,C,D,STD,USD,2011Q1,2011Q1,194736.0000,83886.0000,A,216084.0298,Chevron Corp
002991,14541,2011/06/30,2011,2,INDL,C,D,STD,USD,2011Q2,2011Q2,201717.0000,85287.0000,A,205986.7717,Chevron Corp
002991,14541,2011/09/30,2011,3,INDL,C,D,STD,USD,2011Q3,2011Q3,204099.0000,82423.0000,A,184391.5962,Chevron Corp
002991,14541,2011/12/31,2011,4,INDL,C,D,STD,USD,2011Q4,2011Q4,209474.0000,87293.0000,A,210796.1688,Chevron Corp
002991,14541,2012/03/31,2012,1,INDL,C,D,STD,USD,2012Q1,2012Q1,214890.0000,88564.0000,A,211544.5206,Chevron Corp
002991,14541,2012/06/30,2012,2,INDL,C,D,STD,USD,2012Q2,2012Q2,219379.0000,88090.0000,A,207005.7700,Chevron Corp
002991,14541,2012/09/30,2012,3,INDL,C,D,STD,USD,2012Q3,2012Q3,226864.0000,92642.0000,A,228129.0174,Chevron Corp
002991,14541,2012/12/31,2012,4,INDL,C,D,STD,USD,2012Q4,2012Q4,232982.0000,95150.0000,A,210515.9217,Chevron Corp
002991,14541,2013/03/31,2013,1,INDL,C,D,STD,USD,2013Q1,2013Q1,237410.0000,95924.0000,A,230389.3660,Chevron Corp
002991,14541,2013/06/30,2013,2,INDL,C,D,STD,USD,2013Q2,2013Q2,244048.0000,99884.0000,A,228635.7202,Chevron Corp
002991,14541,2013/09/30,2013,3,INDL,C,D,STD,USD,2013Q3,2013Q3,247838.0000,101765.0000,A,233665.5195,Chevron Corp
002991,14541,2013/12/31,2013,4,INDL,C,D,STD,USD,2013Q4,2013Q4,253753.0000,103326.0000,A,239028.1507,Chevron Corp
002991,14541,2014/03/31,2014,1,INDL,C,D,STD,USD,2014Q1,2014Q1,258238.0000,106428.0000,A,226363.0215,Chevron Corp
002991,14541,2014/06/30,2014,2,INDL,C,D,STD,USD,2014Q2,2014Q2,262045.0000,107298.0000,A,247905.5726,Chevron Corp
002991,14541,2014/09/30,2014,3,INDL,C,D,STD,USD,2014Q3,2014Q3,265431.0000,108124.0000,A,225565.3917,Chevron Corp
002991,14541,2014/12/31,2014,4,INDL,C,D,STD,USD,2014Q4,2014Q4,266026.0000,109835.0000,A,210859.0248,Chevron Corp
002991,14541,2015/03/31,2015,1,INDL,C,D,STD,USD,2015Q1,2015Q1,269604.0000,112603.0000,A,197412.5804,Chevron Corp
002991,14541,2015/06/30,2015,2,INDL,C,D,STD,USD,2015Q2,2015Q2,266455.0000,110564.0000,A,181530.9755,Chevron Corp
002991,14541,2015/09/30,2015,3,INDL,C,D,STD,USD,2015Q3,2015Q3,268449.0000,112511.0000,A,148455.0786,Chevron Corp
002991,14541,2015/12/31,2015,4,INDL,C,D,STD,USD,2015Q4,2015Q4,266103.0000,112217.0000,A,169377.9474,Chevron Corp
002991,14541,2016/03/31,2016,1,INDL,C,D,STD,USD,2016Q1,2016Q1,263842.0000,112366.0000,A,179800.6662,Chevron Corp
002991,14541,2016/06/30,2016,2,INDL,C,D,STD,USD,2016Q2,2016Q2,261478.0000,113153.0000,A,197763.8916,Chevron Corp
002991,14541,2016/09/30,2016,3,INDL,C,D,STD,USD,2016Q3,2016Q3,259863.0000,111911.0000,A,194289.1855,Chevron Corp
002991,14541,2016/12/31,2016,4,INDL,C,D,STD,USD,2016Q4,2016Q4,260078.0000,113356.0000,A,222630.3739,Chevron Corp
003144,11308,2010/03/31,2010,1,INDL,C,D,STD,USD,2010Q1,2010Q1,47403.0000,22246.0000,A,126830.0000,Coca-Cola Co (The)
003144,11308,2010/06/30,2010,2,INDL,C,D,STD,USD,2010Q2,2010Q2,48444.0000,22636.0000,A,115626.8400,Coca-Cola Co (The)
003144,11308,2010/09/30,2010,3,INDL,C,D,STD,USD,2010Q3,2010Q3,54089.0000,25888.0000,A,135473.8000,Coca-Cola Co (The)
003144,11308,2010/12/31,2010,4,INDL,C,D,STD,USD,2010Q4,2010Q4,72921.0000,41604.0000,A,150744.8400,Coca-Cola Co (The)
003144,11308,2011/03/31,2011,1,INDL,C,D,STD,USD,2011Q1,2011Q1,76058.0000,43462.0000,A,151719.5800,Coca-Cola Co (The)
003144,11308,2011/06/30,2011,2,INDL,C,D,STD,USD,2011Q2,2011Q2,80090.0000,44666.0000,A,154295.9700,Coca-Cola Co (The)
003144,11308,2011/09/30,2011,3,INDL,C,D,STD,USD,2011Q3,2011Q3,81753.0000,48254.0000,A,153428.7600,Coca-Cola Co (The)
003144,11308,2011/12/31,2011,4,INDL,C,D,STD,USD,2011Q4,2011Q4,79974.0000,48053.0000,A,158342.1100,Coca-Cola Co (The)
003144,11308,2012/03/31,2012,1,INDL,C,D,STD,USD,2012Q1,2012Q1,83897.0000,50679.0000,A,167040.5700,Coca-Cola Co (The)
003144,11308,2012/06/30,2012,2,INDL,C,D,STD,USD,2012Q2,2012Q2,85149.0000,52520.0000,A,176005.6900,Coca-Cola Co (The)
003144,11308,2012/09/30,2012,3,INDL,C,D,STD,USD,2012Q3,2012Q3,86654.0000,53064.0000,A,170153.9800,Coca-Cola Co (The)
003144,11308,2012/12/31,2012,4,INDL,C,D,STD,USD,2012Q4,2012Q4,86174.0000,53006.0000,A,162001.2500,Coca-Cola Co (The)
003144,11308,2013/03/31,2013,1,INDL,C,D,STD,USD,2013Q1,2013Q1,88450.0000,55556.0000,A,179877.1200,Coca-Cola Co (The)
003144,11308,2013/06/30,2013,2,INDL,C,D,STD,USD,2013Q2,2013Q2,89511.0000,56880.0000,A,177847.7400,Coca-Cola Co (The)
003144,11308,2013/09/30,2013,3,INDL,C,D,STD,USD,2013Q3,2013Q3,89432.0000,56967.0000,A,167278.0800,Coca-Cola Co (The)
003144,11308,2013/12/31,2013,4,INDL,C,D,STD,USD,2013Q4,2013Q4,90055.0000,56615.0000,A,181846.6200,Coca-Cola Co (The)
003144,11308,2014/03/31,2014,1,INDL,C,D,STD,USD,2014Q1,2014Q1,91289.0000,58367.0000,A,169794.7200,Coca-Cola Co (The)
003144,11308,2014/06/30,2014,2,INDL,C,D,STD,USD,2014Q2,2014Q2,95489.0000,61188.0000,A,185748.6000,Coca-Cola Co (The)
003144,11308,2014/09/30,2014,3,INDL,C,D,STD,USD,2014Q3,2014Q3,96314.0000,62645.0000,A,186637.5000,Coca-Cola Co (The)
003144,11308,2014/12/31,2014,4,INDL,C,D,STD,USD,2014Q4,2014Q4,92023.0000,61462.0000,A,184332.5200,Coca-Cola Co (The)
003144,11308,2015/03/31,2015,1,INDL,C,D,STD,USD,2015Q1,2015Q1,91016.0000,61938.0000,A,176798.0000,Coca-Cola Co (The)
003144,11308,2015/06/30,2015,2,INDL,C,D,STD,USD,2015Q2,2015Q2,93538.0000,64897.0000,A,170611.2700,Coca-Cola Co (The)
003144,11308,2015/09/30,2015,3,INDL,C,D,STD,USD,2015Q3,2015Q3,93008.0000,66741.0000,A,174201.0400,Coca-Cola Co (The)
003144,11308,2015/12/31,2015,4,INDL,C,D,STD,USD,2015Q4,2015Q4,90093.0000,64329.0000,A,185759.0400,Coca-Cola Co (The)
003144,11308,2016/03/31,2016,1,INDL,C,D,STD,USD,2016Q1,2016Q1,91263.0000,66134.0000,A,200961.4800,Coca-Cola Co (The)
003144,11308,2016/06/30,2016,2,INDL,C,D,STD,USD,2016Q2,2016Q2,94094.0000,67256.0000,A,195598.9500,Coca-Cola Co (The)
003144,11308,2016/09/30,2016,3,INDL,C,D,STD,USD,2016Q3,2016Q3,93927.0000,67682.0000,A,182526.1600,Coca-Cola Co (The)
003144,11308,2016/12/31,2016,4,INDL,C,D,STD,USD,2016Q4,2016Q4,87270.0000,64050.0000,A,177780.4800,Coca-Cola Co (The)
003980,26403,2010/03/31,2010,2,INDL,C,D,STD,USD,2010Q1,2010Q2,68760.0000,29791.0000,A,68744.7720,Walt Disney Co (The)
003980,26403,2010/06/30,2010,3,INDL,C,D,STD,USD,2010Q2,2010Q3,68305.0000,28704.0000,A,60867.4500,Walt Disney Co (The)
003980,26403,2010/09/30,2010,4,INDL,C,D,STD,USD,2010Q3,2010Q4,69206.0000,29864.0000,A,62787.3900,Walt Disney Co (The)
003980,26403,2010/12/31,2011,1,INDL,C,D,STD,USD,2010Q4,2011Q1,70950.0000,31211.0000,A,70319.9970,Walt Disney Co (The)
003980,26403,2011/03/31,2011,2,INDL,C,D,STD,USD,2011Q1,2011Q2,70588.0000,30276.0000,A,79940.5680,Walt Disney Co (The)
003980,26403,2011/06/30,2011,3,INDL,C,D,STD,USD,2011Q2,2011Q3,71105.0000,30183.0000,A,71060.6080,Walt Disney Co (The)
003980,26403,2011/09/30,2011,4,INDL,C,D,STD,USD,2011Q3,2011Q4,72124.0000,32671.0000,A,53147.9520,Walt Disney Co (The)
003980,26403,2011/12/31,2012,1,INDL,C,D,STD,USD,2011Q4,2012Q1,73877.0000,34454.0000,A,68958.7500,Walt Disney Co (The)
003980,26403,2012/03/31,2012,2,INDL,C,D,STD,USD,2012Q1,2012Q2,75233.0000,35321.0000,A,79570.1500,Walt Disney Co (The)
003980,26403,2012/06/30,2012,3,INDL,C,D,STD,USD,2012Q2,2012Q3,75291.0000,33218.0000,A,87731.6500,Walt Disney Co (The)
003980,26403,2012/09/30,2012,4,INDL,C,D,STD,USD,2012Q3,2012Q4,74898.0000,32940.0000,A,94104.0000,Walt Disney Co (The)
003980,26403,2012/12/31,2013,1,INDL,C,D,STD,USD,2012Q4,2013Q1,80642.0000,37272.0000,A,89622.0000,Walt Disney Co (The)
003980,26403,2013/03/31,2013,2,INDL,C,D,STD,USD,2013Q1,2013Q2,81358.0000,37214.0000,A,102240.0000,Walt Disney Co (The)
003980,26403,2013/06/30,2013,3,INDL,C,D,STD,USD,2013Q2,2013Q3,80565.0000,34658.0000,A,113670.0000,Walt Disney Co (The)
003980,26403,2013/09/30,2013,4,INDL,C,D,STD,USD,2013Q3,2013Q4,81241.0000,33091.0000,A,116082.0000,Walt Disney Co (The)
003980,26403,2013/12/31,2014,1,INDL,C,D,STD,USD,2013Q4,2014Q1,83166.0000,35870.0000,A,129880.0000,Walt Disney Co (The)
003980,26403,2014/03/31,2014,2,INDL,C,D,STD,USD,2014Q1,2014Q2,82580.0000,34940.0000,A,136119.0000,Walt Disney Co (The)
003980,26403,2014/06/30,2014,3,INDL,C,D,STD,USD,2014Q2,2014Q3,83723.0000,35111.0000,A,145758.0000,Walt Disney Co (The)
003980,26403,2014/09/30,2014,4,INDL,C,D,STD,USD,2014Q3,2014Q4,84186.0000,36008.0000,A,151351.0000,Walt Disney Co (The)
003980,26403,2014/12/31,2015,1,INDL,C,D,STD,USD,2014Q4,2015Q1,87035.0000,39242.0000,A,160123.0000,Walt Disney Co (The)
003980,26403,2015/03/31,2015,2,INDL,C,D,STD,USD,2015Q1,2015Q2,85715.0000,35978.0000,A,178313.0000,Walt Disney Co (The)
003980,26403,2015/06/30,2015,3,INDL,C,D,STD,USD,2015Q2,2015Q3,87367.0000,36860.0000,A,182624.0000,Walt Disney Co (The)
003980,26403,2015/09/30,2015,4,INDL,C,D,STD,USD,2015Q3,2015Q4,88182.0000,39527.0000,A,173740.0000,Walt Disney Co (The)
003980,26403,2015/12/31,2016,1,INDL,C,D,STD,USD,2015Q4,2016Q1,90121.0000,41923.0000,A,178636.0000,Walt Disney Co (The)
003980,26403,2016/03/31,2016,2,INDL,C,D,STD,USD,2016Q1,2016Q2,90264.0000,42254.0000,A,168827.0000,Walt Disney Co (The)
003980,26403,2016/06/30,2016,3,INDL,C,D,STD,USD,2016Q2,2016Q3,90914.0000,42768.0000,A,166294.0000,Walt Disney Co (The)
003980,26403,2016/09/30,2016,4,INDL,C,D,STD,USD,2016Q3,2016Q4,92033.0000,44710.0000,A,148576.0000,Walt Disney Co (The)
003980,26403,2016/12/31,2017,1,INDL,C,D,STD,USD,2016Q4,2017Q1,91576.0000,44399.0000,A,166752.0000,Walt Disney Co (The)
004503,11850,2010/03/31,2010,1,INDL,C,D,STD,USD,2010Q1,2010Q1,242748.0000,125082.0000,A,314675.6569,Exxon Mobil Corp
004503,11850,2010/06/30,2010,2,INDL,C,D,STD,USD,2010Q2,2010Q2,291068.0000,145701.0000,A,290589.2543,Exxon Mobil Corp
004503,11850,2010/09/30,2010,3,INDL,C,D,STD,USD,2010Q3,2010Q3,299994.0000,149394.0000,A,311579.5970,Exxon Mobil Corp
004503,11850,2010/12/31,2010,4,INDL,C,D,STD,USD,2010Q4,2010Q4,302510.0000,149831.0000,A,364064.4800,Exxon Mobil Corp
004503,11850,2011/03/31,2011,1,INDL,C,D,STD,USD,2011Q1,2011Q1,319533.0000,162002.0000,A,414431.6152,Exxon Mobil Corp
004503,11850,2011/06/30,2011,2,INDL,C,D,STD,USD,2011Q2,2011Q2,326204.0000,164369.0000,A,395678.9187,Exxon Mobil Corp
004503,11850,2011/09/30,2011,3,INDL,C,D,STD,USD,2011Q3,2011Q3,323227.0000,161015.0000,A,348115.5900,Exxon Mobil Corp
004503,11850,2011/12/31,2011,4,INDL,C,D,STD,USD,2011Q4,2011Q4,331052.0000,170308.0000,A,401253.8400,Exxon Mobil Corp
004503,11850,2012/03/31,2012,1,INDL,C,D,STD,USD,2012Q1,2012Q1,345152.0000,181035.0000,A,405563.7905,Exxon Mobil Corp
004503,11850,2012/06/30,2012,2,INDL,C,D,STD,USD,2012Q2,2012Q2,329645.0000,161660.0000,A,394985.9002,Exxon Mobil Corp
004503,11850,2012/09/30,2012,3,INDL,C,D,STD,USD,2012Q3,2012Q3,335191.0000,162836.0000,A,416951.9174,Exxon Mobil Corp
004503,11850,2012/12/31,2012,4,INDL,C,D,STD,USD,2012Q4,2012Q4,333795.0000,162135.0000,A,389648.1000,Exxon Mobil Corp
004503,11850,2013/03/31,2013,1,INDL,C,D,STD,USD,2013Q1,2013Q1,339639.0000,166562.0000,A,400662.9414,Exxon Mobil Corp
004503,11850,2013/06/30,2013,2,INDL,C,D,STD,USD,2013Q2,2013Q2,341615.0000,170027.0000,A,397687.4512,Exxon Mobil Corp
004503,11850,2013/09/30,2013,3,INDL,C,D,STD,USD,2013Q3,2013Q3,347564.0000,172086.0000,A,375866.9446,Exxon Mobil Corp
004503,11850,2013/12/31,2013,4,INDL,C,D,STD,USD,2013Q4,2013Q4,346808.0000,166313.0000,A,438702.0000,Exxon Mobil Corp
004503,11850,2014/03/31,2014,1,INDL,C,D,STD,USD,2014Q1,2014Q1,353033.0000,170142.0000,A,419474.5500,Exxon Mobil Corp
004503,11850,2014/06/30,2014,2,INDL,C,D,STD,USD,2014Q2,2014Q2,358586.0000,170455.0000,A,429369.1906,Exxon Mobil Corp
004503,11850,2014/09/30,2014,3,INDL,C,D,STD,USD,2014Q3,2014Q3,352764.0000,165269.0000,A,398257.4525,Exxon Mobil Corp
004503,11850,2014/12/31,2014,4,INDL,C,D,STD,USD,2014Q4,2014Q4,349493.0000,168429.0000,A,388382.4500,Exxon Mobil Corp
004503,11850,2015/03/31,2015,1,INDL,C,D,STD,USD,2015Q1,2015Q1,342961.0000,165515.0000,A,355394.1800,Exxon Mobil Corp
004503,11850,2015/06/30,2015,2,INDL,C,D,STD,USD,2015Q2,2015Q2,348260.0000,169262.0000,A,346898.1568,Exxon Mobil Corp
004503,11850,2015/09/30,2015,3,INDL,C,D,STD,USD,2015Q3,2015Q3,340662.0000,163823.0000,A,309514.5147,Exxon Mobil Corp
004503,11850,2015/12/31,2015,4,INDL,C,D,STD,USD,2015Q4,2015Q4,336758.0000,159948.0000,A,323960.2000,Exxon Mobil Corp
004503,11850,2016/03/31,2016,1,INDL,C,D,STD,USD,2016Q1,2016Q1,342789.0000,164291.0000,A,346615.2135,Exxon Mobil Corp
004503,11850,2016/06/30,2016,2,INDL,C,D,STD,USD,2016Q2,2016Q2,342473.0000,165598.0000,A,388706.9710,Exxon Mobil Corp
004503,11850,2016/09/30,2016,3,INDL,C,D,STD,USD,2016Q3,2016Q3,339386.0000,162376.0000,A,361923.3650,Exxon Mobil Corp
004503,11850,2016/12/31,2016,4,INDL,C,D,STD,USD,2016Q4,2016Q4,330314.0000,156484.0000,A,374398.4800,Exxon Mobil Corp
005047,12060,2010/03/31,2010,1,INDL,C,D,STD,USD,2010Q1,2010Q1,777355.0000,654404.0000,A,194312.6276,General Electric Co
005047,12060,2010/06/30,2010,2,INDL,C,D,STD,USD,2010Q2,2010Q2,749930.0000,629205.0000,A,154167.3924,General Electric Co
005047,12060,2010/09/30,2010,3,INDL,C,D,STD,USD,2010Q3,2010Q3,758824.0000,638214.0000,A,173139.1675,General Electric Co
005047,12060,2010/12/31,2010,4,INDL,C,D,STD,USD,2010Q4,2010Q4,751216.0000,627018.0000,A,194155.2270,General Electric Co
005047,12060,2011/03/31,2011,1,INDL,C,D,STD,USD,2011Q1,2011Q1,727837.0000,602048.0000,A,212639.2124,General Electric Co
005047,12060,2011/06/30,2011,2,INDL,C,D,STD,USD,2011Q2,2011Q2,739130.0000,608733.0000,A,199922.3558,General Electric Co
005047,12060,2011/09/30,2011,3,INDL,C,D,STD,USD,2011Q3,2011Q3,737700.0000,610927.0000,A,160682.8822,General Electric Co
005047,12060,2011/12/31,2011,4,INDL,C,D,STD,USD,2011Q4,2011Q4,717242.0000,599108.0000,A,189362.7345,General Electric Co
005047,12060,2012/03/31,2012,1,INDL,C,D,STD,USD,2012Q1,2012Q1,707719.0000,586131.0000,A,212487.4522,General Electric Co
005047,12060,2012/06/30,2012,2,INDL,C,D,STD,USD,2012Q2,2012Q2,694121.0000,570222.0000,A,220046.3090,General Electric Co
005047,12060,2012/09/30,2012,3,INDL,C,D,STD,USD,2012Q3,2012Q3,698880.0000,570864.0000,A,238143.8730,General Electric Co
005047,12060,2012/12/31,2012,4,INDL,C,D,STD,USD,2012Q4,2012Q4,685328.0000,556858.0000,A,218414.0688,General Electric Co
005047,12060,2013/03/31,2013,1,INDL,C,D,STD,USD,2013Q1,2013Q1,670690.0000,541640.0000,A,239063.5744,General Electric Co
005047,12060,2013/06/30,2013,2,INDL,C,D,STD,USD,2013Q2,2013Q2,660541.0000,531730.0000,A,236161.8814,General Electric Co
005047,12060,2013/09/30,2013,3,INDL,C,D,STD,USD,2013Q3,2013Q3,661438.0000,532393.0000,A,241703.9454,General Electric Co
005047,12060,2013/12/31,2013,4,INDL,C,D,STD,USD,2013Q4,2013Q4,656560.0000,519777.0000,A,282006.4944,General Electric Co
005047,12060,2014/03/31,2014,1,INDL,C,D,STD,USD,2014Q1,2014Q1,652252.0000,514233.0000,A,259618.8359,General Electric Co
005047,12060,2014/06/30,2014,2,INDL,C,D,STD,USD,2014Q2,2014Q2,651869.0000,511802.0000,A,263690.9971,General Electric Co
005047,12060,2014/09/30,2014,3,INDL,C,D,STD,USD,2014Q3,2014Q3,650021.0000,506510.0000,A,257280.9590,General Electric Co
005047,12060,2014/12/31,2014,4,INDL,C,D,STD,USD,2014Q4,2014Q4,648349.0000,511516.0000,A,254149.9926,General Electric Co
005047,12060,2015/03/31,2015,1,INDL,C,D,STD,USD,2015Q1,2015Q1,617631.0000,500333.0000,A,249983.7985,General Electric Co
005047,12060,2015/06/30,2015,2,INDL,C,D,STD,USD,2015Q2,2015Q2,610926.0000,492647.0000,A,268262.1185,General Electric Co
005047,12060,2015/09/30,2015,3,INDL,C,D,STD,USD,2015Q3,2015Q3,581310.0000,461317.0000,A,254955.0076,General Electric Co
005047,12060,2015/12/31,2015,4,INDL,C,D,STD,USD,2015Q4,2015Q4,492692.0000,389582.0000,A,292164.8212,General Electric Co
005047,12060,2016/03/31,2016,1,INDL,C,D,STD,USD,2016Q1,2016Q1,462193.0000,366402.0000,A,292329.9360,General Electric Co
005047,12060,2016/06/30,2016,2,INDL,C,D,STD,USD,2016Q2,2016Q2,401461.0000,311707.0000,A,282099.6148,General Electric Co
005047,12060,2016/09/30,2016,3,INDL,C,D,STD,USD,2016Q3,2016Q3,387694.0000,301099.0000,A,262030.0718,General Electric Co
005047,12060,2016/12/31,2016,4,INDL,C,D,STD,USD,2016Q4,2016Q4,365183.0000,284667.0000,A,276266.6024,General Electric Co
005680,66181,2010/01/31,2009,4,INDL,C,D,STD,USD,2009Q4,2009Q4,40877.0000,21484.0000,A,47560.9800,Home Depot Inc. (The)
005680,66181,2010/04/30,2010,1,INDL,C,D,STD,USD,2010Q1,2010Q1,43619.0000,24248.0000,A,59397.7800,Home Depot Inc. (The)
005680,66181,2010/07/31,2010,2,INDL,C,D,STD,USD,2010Q2,2010Q2,42535.0000,23090.0000,A,47497.6600,Home Depot Inc. (The)
005680,66181,2010/10/31,2010,3,INDL,C,D,STD,USD,2010Q3,2010Q3,41741.0000,22626.0000,A,50737.8000,Home Depot Inc. (The)
005680,66181,2011/01/31,2010,4,INDL,C,D,STD,USD,2010Q4,2010Q4,40125.0000,21236.0000,A,59677.7100,Home Depot Inc. (The)
005680,66181,2011/04/30,2011,1,INDL,C,D,STD,USD,2011Q1,2011Q1,42797.0000,24599.0000,A,59365.7000,Home Depot Inc. (The)
005680,66181,2011/07/31,2011,2,INDL,C,D,STD,USD,2011Q2,2011Q2,42277.0000,24044.0000,A,54805.1700,Home Depot Inc. (The)
005680,66181,2011/10/31,2011,3,INDL,C,D,STD,USD,2011Q3,2011Q3,41499.0000,23730.0000,A,55167.8000,Home Depot Inc. (The)
005680,66181,2012/01/31,2011,4,INDL,C,D,STD,USD,2011Q4,2011Q4,40518.0000,22620.0000,A,68227.4300,Home Depot Inc. (The)
005680,66181,2012/04/30,2012,1,INDL,C,D,STD,USD,2012Q1,2012Q1,43300.0000,25325.0000,A,79238.7000,Home Depot Inc. (The)
005680,66181,2012/07/31,2012,2,INDL,C,D,STD,USD,2012Q2,2012Q2,41983.0000,24349.0000,A,78635.2600,Home Depot Inc. (The)
005680,66181,2012/10/31,2012,3,INDL,C,D,STD,USD,2012Q3,2012Q3,41661.0000,23923.0000,A,91824.4800,Home Depot Inc. (The)
005680,66181,2013/01/31,2012,4,INDL,C,D,STD,USD,2012Q4,2012Q4,41084.0000,23307.0000,A,99309.2800,Home Depot Inc. (The)
005680,66181,2013/04/30,2013,1,INDL,C,D,STD,USD,2013Q1,2013Q1,44195.0000,27802.0000,A,107164.3500,Home Depot Inc. (The)
005680,66181,2013/07/31,2013,2,INDL,C,D,STD,USD,2013Q2,2013Q2,42192.0000,26714.0000,A,113408.0500,Home Depot Inc. (The)
005680,66181,2013/10/31,2013,3,INDL,C,D,STD,USD,2013Q3,2013Q3,43814.0000,29600.0000,A,109669.1200,Home Depot Inc. (The)
005680,66181,2014/01/31,2013,4,INDL,C,D,STD,USD,2013Q4,2013Q4,40518.0000,27996.0000,A,106053.0000,Home Depot Inc. (The)
005680,66181,2014/04/30,2014,1,INDL,C,D,STD,USD,2014Q1,2014Q1,42629.0000,30483.0000,A,108769.6800,Home Depot Inc. (The)
005680,66181,2014/07/31,2014,2,INDL,C,D,STD,USD,2014Q2,2014Q2,43479.0000,32022.0000,A,108824.1000,Home Depot Inc. (The)
005680,66181,2014/10/31,2014,3,INDL,C,D,STD,USD,2014Q3,2014Q3,41512.0000,31402.0000,A,128531.3600,Home Depot Inc. (The)
005680,66181,2015/01/31,2014,4,INDL,C,D,STD,USD,2014Q4,2014Q4,39946.0000,30624.0000,A,136476.9400,Home Depot Inc. (The)
005680,66181,2015/04/30,2015,1,INDL,C,D,STD,USD,2015Q1,2015Q1,42510.0000,33306.0000,A,138967.0200,Home Depot Inc. (The)
005680,66181,2015/07/31,2015,2,INDL,C,D,STD,USD,2015Q2,2015Q2,43798.0000,35161.0000,A,150266.5200,Home Depot Inc. (The)
005680,66181,2015/10/31,2015,3,INDL,C,D,STD,USD,2015Q3,2015Q3,44152.0000,36533.0000,A,156775.5200,Home Depot Inc. (The)
005680,66181,2016/01/31,2015,4,INDL,C,D,STD,USD,2015Q4,2015Q4,42549.0000,36233.0000,A,157451.5200,Home Depot Inc. (The)
005680,66181,2016/04/30,2016,1,INDL,C,D,STD,USD,2016Q1,2016Q1,44576.0000,38241.0000,A,166693.0500,Home Depot Inc. (The)
005680,66181,2016/07/31,2016,2,INDL,C,D,STD,USD,2016Q2,2016Q2,44247.0000,37590.0000,A,170864.6400,Home Depot Inc. (The)
005680,66181,2016/10/31,2016,3,INDL,C,D,STD,USD,2016Q3,2016Q3,44502.0000,38880.0000,A,148852.2000,Home Depot Inc. (The)
006008,59328,2010/03/31,2010,1,INDL,C,D,STD,USD,2010Q1,2010Q1,55773.0000,12873.0000,A,123419.7300,Intel Corp
006008,59328,2010/06/30,2010,2,INDL,C,D,STD,USD,2010Q2,2010Q2,57691.0000,11850.0000,A,108278.1500,Intel Corp
006008,59328,2010/09/30,2010,3,INDL,C,D,STD,USD,2010Q3,2010Q3,60588.0000,12892.0000,A,107059.2000,Intel Corp
006008,59328,2010/12/31,2010,4,INDL,C,D,STD,USD,2010Q4,2010Q4,63186.0000,13756.0000,A,115896.3300,Intel Corp
006008,59328,2011/03/31,2011,1,INDL,C,D,STD,USD,2011Q1,2011Q1,65552.0000,18203.0000,A,107680.4800,Intel Corp
006008,59328,2011/06/30,2011,2,INDL,C,D,STD,USD,2011Q2,2011Q2,66089.0000,17366.0000,A,117115.6000,Intel Corp
006008,59328,2011/09/30,2011,3,INDL,C,D,STD,USD,2011Q3,2011Q3,70551.0000,24434.0000,A,109192.5300,Intel Corp
006008,59328,2011/12/31,2011,4,INDL,C,D,STD,USD,2011Q4,2011Q4,71119.0000,25208.0000,A,121250.0000,Intel Corp
006008,59328,2012/03/31,2012,1,INDL,C,D,STD,USD,2012Q1,2012Q1,71817.0000,25057.0000,A,140743.6900,Intel Corp
006008,59328,2012/06/30,2012,2,INDL,C,D,STD,USD,2012Q2,2012Q2,72352.0000,23573.0000,A,133596.4500,Intel Corp
006008,59328,2012/09/30,2012,3,INDL,C,D,STD,USD,2012Q3,2012Q3,74441.0000,25172.0000,A,112867.2100,Intel Corp
006008,59328,2012/12/31,2012,4,INDL,C,D,STD,USD,2012Q4,2012Q4,84351.0000,33148.0000,A,101945.2800,Intel Corp
006008,59328,2013/03/31,2013,1,INDL,C,D,STD,USD,2013Q1,2013Q1,83083.0000,31889.0000,A,108039.5800,Intel Corp
006008,59328,2013/06/30,2013,2,INDL,C,D,STD,USD,2013Q2,2013Q2,85661.0000,31821.0000,A,120689.6300,Intel Corp
006008,59328,2013/09/30,2013,3,INDL,C,D,STD,USD,2013Q3,2013Q3,90551.0000,35099.0000,A,113986.1330,Intel Corp
006008,59328,2013/12/31,2013,4,INDL,C,D,STD,USD,2013Q4,2013Q4,92358.0000,34102.0000,A,128918.4850,Intel Corp
006008,59328,2014/03/31,2014,1,INDL,C,D,STD,USD,2014Q1,2014Q1,91932.0000,33894.0000,A,128347.2080,Intel Corp
006008,59328,2014/06/30,2014,2,INDL,C,D,STD,USD,2014Q2,2014Q2,91793.0000,32546.0000,A,152893.2000,Intel Corp
006008,59328,2014/09/30,2014,3,INDL,C,D,STD,USD,2014Q3,2014Q3,90616.0000,33628.0000,A,169120.7400,Intel Corp
006008,59328,2014/12/31,2014,4,INDL,C,D,STD,USD,2014Q4,2014Q4,91956.0000,35179.0000,A,172304.9200,Intel Corp
006008,59328,2015/03/31,2015,1,INDL,C,D,STD,USD,2015Q1,2015Q1,89566.0000,33734.0000,A,148282.3400,Intel Corp
006008,59328,2015/06/30,2015,2,INDL,C,D,STD,USD,2015Q2,2015Q2,90492.0000,31892.0000,A,144562.4950,Intel Corp
006008,59328,2015/09/30,2015,3,INDL,C,D,STD,USD,2015Q3,2015Q3,98552.0000,40550.0000,A,142562.2000,Intel Corp
006008,59328,2015/12/31,2015,4,INDL,C,D,STD,USD,2015Q4,2015Q4,103065.0000,41083.0000,A,162776.2500,Intel Corp
006008,59328,2016/03/31,2016,1,INDL,C,D,STD,USD,2016Q1,2016Q1,105467.0000,43399.0000,A,152562.6000,Intel Corp
006008,59328,2016/06/30,2016,2,INDL,C,D,STD,USD,2016Q2,2016Q2,109831.0000,47574.0000,A,155078.4000,Intel Corp
006008,59328,2016/09/30,2016,3,INDL,C,D,STD,USD,2016Q3,2016Q3,112217.0000,48216.0000,A,178897.2500,Intel Corp
006008,59328,2016/12/31,2016,4,INDL,C,D,STD,USD,2016Q4,2016Q4,113327.0000,46219.0000,A,171557.1000,Intel Corp
006066,12490,2010/03/31,2010,1,INDL,C,D,STD,USD,2010Q1,2010Q1,105208.0000,83059.0000,A,164461.0028,International Business Machines Corp
006066,12490,2010/06/30,2010,2,INDL,C,D,STD,USD,2010Q2,2010Q2,103420.0000,82244.0000,A,155742.6074,International Business Machines Corp
006066,12490,2010/09/30,2010,3,INDL,C,D,STD,USD,2010Q3,2010Q3,107174.0000,84815.0000,A,166650.3045,International Business Machines Corp
006066,12490,2010/12/31,2010,4,INDL,C,D,STD,USD,2010Q4,2010Q4,113452.0000,90280.0000,A,180220.2527,International Business Machines Corp
006066,12490,2011/03/31,2011,1,INDL,C,D,STD,USD,2011Q1,2011Q1,112960.0000,90184.0000,A,197510.5471,International Business Machines Corp
006066,12490,2011/06/30,2011,2,INDL,C,D,STD,USD,2011Q2,2011Q2,113474.0000,90264.0000,A,204878.5625,International Business Machines Corp
006066,12490,2011/09/30,2011,3,INDL,C,D,STD,USD,2011Q3,2011Q3,110158.0000,87780.0000,A,206104.9297,International Business Machines Corp
006066,12490,2011/12/31,2011,4,INDL,C,D,STD,USD,2011Q4,2011Q4,116433.0000,96197.0000,A,213886.0900,International Business Machines Corp
006066,12490,2012/03/31,2012,1,INDL,C,D,STD,USD,2012Q1,2012Q1,115346.0000,94563.0000,A,240674.4366,International Business Machines Corp
006066,12490,2012/06/30,2012,2,INDL,C,D,STD,USD,2012Q2,2012Q2,113832.0000,93269.0000,A,223503.9345,International Business Machines Corp
006066,12490,2012/09/30,2012,3,INDL,C,D,STD,USD,2012Q3,2012Q3,115778.0000,94112.0000,A,234404.6009,International Business Machines Corp
006066,12490,2012/12/31,2012,4,INDL,C,D,STD,USD,2012Q4,2012Q4,119213.0000,100229.0000,A,214031.8404,International Business Machines Corp
006066,12490,2013/03/31,2013,1,INDL,C,D,STD,USD,2013Q1,2013Q1,117258.0000,98044.0000,A,236505.7602,International Business Machines Corp
006066,12490,2013/06/30,2013,2,INDL,C,D,STD,USD,2013Q2,2013Q2,115153.0000,97270.0000,A,209346.8629,International Business Machines Corp
006066,12490,2013/09/30,2013,3,INDL,C,D,STD,USD,2013Q3,2013Q3,117845.0000,97837.0000,A,201078.4437,International Business Machines Corp
006066,12490,2013/12/31,2013,4,INDL,C,D,STD,USD,2013Q4,2013Q4,126223.0000,103294.0000,A,197772.1199,International Business Machines Corp
006066,12490,2014/03/31,2014,1,INDL,C,D,STD,USD,2014Q1,2014Q1,122646.0000,105906.0000,A,194835.2982,International Business Machines Corp
006066,12490,2014/06/30,2014,2,INDL,C,D,STD,USD,2014Q2,2014Q2,124314.0000,106801.0000,A,180833.5018,International Business Machines Corp
006066,12490,2014/09/30,2014,3,INDL,C,D,STD,USD,2014Q3,2014Q3,118911.0000,104516.0000,A,187867.1578,International Business Machines Corp
006066,12490,2014/12/31,2014,4,INDL,C,D,STD,USD,2014Q4,2014Q4,117532.0000,105518.0000,A,158919.6706,International Business Machines Corp
006066,12490,2015/03/31,2015,1,INDL,C,D,STD,USD,2015Q1,2015Q1,112037.0000,99748.0000,A,158049.8070,International Business Machines Corp
006066,12490,2015/06/30,2015,2,INDL,C,D,STD,USD,2015Q2,2015Q2,112729.0000,98892.0000,A,159330.3498,International Business Machines Corp
006066,12490,2015/09/30,2015,3,INDL,C,D,STD,USD,2015Q3,2015Q3,108648.0000,95198.0000,A,140636.8467,International Business Machines Corp
006066,12490,2015/12/31,2015,4,INDL,C,D,STD,USD,2015Q4,2015Q4,110495.0000,96071.0000,A,132903.6250,International Business Machines Corp
006066,12490,2016/03/31,2016,1,INDL,C,D,STD,USD,2016Q1,2016Q1,118856.0000,103784.0000,A,145386.2449,International Business Machines Corp
006066,12490,2016/06/30,2016,2,INDL,C,D,STD,USD,2016Q2,2016Q2,118056.0000,102167.0000,A,145078.0023,International Business Machines Corp
006066,12490,2016/09/30,2016,3,INDL,C,D,STD,USD,2016Q3,2016Q3,115606.0000,98447.0000,A,151043.3168,International Business Machines Corp
006066,12490,2016/12/31,2016,4,INDL,C,D,STD,USD,2016Q4,2016Q4,117470.0000,99078.0000,A,157004.4633,International Business Machines Corp
006266,22111,2010/03/31,2010,1,INDL,C,D,STD,USD,2010Q1,2010Q1,93441.0000,40527.0000,A,179810.7768,Johnson & Johnson
006266,22111,2010/06/30,2010,2,INDL,C,D,STD,USD,2010Q2,2010Q2,92300.0000,39449.0000,A,162659.2131,Johnson & Johnson
006266,22111,2010/09/30,2010,3,INDL,C,D,STD,USD,2010Q3,2010Q3,98247.0000,40956.0000,A,170248.1736,Johnson & Johnson
006266,22111,2010/12/31,2010,4,INDL,C,D,STD,USD,2010Q4,2010Q4,102908.0000,46329.0000,A,169351.2995,Johnson & Johnson
006266,22111,2011/03/31,2011,1,INDL,C,D,STD,USD,2011Q1,2011Q1,108150.0000,48287.0000,A,162253.3995,Johnson & Johnson
006266,22111,2011/06/30,2011,2,INDL,C,D,STD,USD,2011Q2,2011Q2,112114.0000,49982.0000,A,182303.3816,Johnson & Johnson
006266,22111,2011/09/30,2011,3,INDL,C,D,STD,USD,2011Q3,2011Q3,111821.0000,50294.0000,A,174017.0662,Johnson & Johnson
006266,22111,2011/12/31,2011,4,INDL,C,D,STD,USD,2011Q4,2011Q4,113644.0000,56564.0000,A,178663.7255,Johnson & Johnson
006266,22111,2012/03/31,2012,1,INDL,C,D,STD,USD,2012Q1,2012Q1,116194.0000,54828.0000,A,181107.7572,Johnson & Johnson
006266,22111,2012/06/30,2012,2,INDL,C,D,STD,USD,2012Q2,2012Q2,115750.0000,55316.0000,A,185827.7660,Johnson & Johnson
006266,22111,2012/09/30,2012,3,INDL,C,D,STD,USD,2012Q3,2012Q3,118951.0000,55190.0000,A,190367.8718,Johnson & Johnson
006266,22111,2012/12/31,2012,4,INDL,C,D,STD,USD,2012Q4,2012Q4,121347.0000,56521.0000,A,194772.0789,Johnson & Johnson
006266,22111,2013/03/31,2013,1,INDL,C,D,STD,USD,2013Q1,2013Q1,121536.0000,54681.0000,A,228541.9609,Johnson & Johnson
006266,22111,2013/06/30,2013,2,INDL,C,D,STD,USD,2013Q2,2013Q2,124325.0000,54660.0000,A,241626.1817,Johnson & Johnson
006266,22111,2013/09/30,2013,3,INDL,C,D,STD,USD,2013Q3,2013Q3,126933.0000,57129.0000,A,244522.9287,Johnson & Johnson
006266,22111,2013/12/31,2013,4,INDL,C,D,STD,USD,2013Q4,2013Q4,132683.0000,58630.0000,A,258341.3185,Johnson & Johnson
006266,22111,2014/03/31,2014,1,INDL,C,D,STD,USD,2014Q1,2014Q1,133330.0000,56748.0000,A,277759.1754,Johnson & Johnson
006266,22111,2014/06/30,2014,2,INDL,C,D,STD,USD,2014Q2,2014Q2,135200.0000,57152.0000,A,295298.2150,Johnson & Johnson
006266,22111,2014/09/30,2014,3,INDL,C,D,STD,USD,2014Q3,2014Q3,132097.0000,55506.0000,A,298884.3290,Johnson & Johnson
006266,22111,2014/12/31,2014,4,INDL,C,D,STD,USD,2014Q4,2014Q4,131119.0000,61367.0000,A,291041.6291,Johnson & Johnson
006266,22111,2015/03/31,2015,1,INDL,C,D,STD,USD,2015Q1,2015Q1,128590.0000,60712.0000,A,279252.9244,Johnson & Johnson
006266,22111,2015/06/30,2015,2,INDL,C,D,STD,USD,2015Q2,2015Q2,132036.0000,60905.0000,A,269864.3035,Johnson & Johnson
006266,22111,2015/09/30,2015,3,INDL,C,D,STD,USD,2015Q3,2015Q3,133266.0000,61712.0000,A,258325.6814,Johnson & Johnson
006266,22111,2015/12/31,2015,4,INDL,C,D,STD,USD,2015Q4,2015Q4,133411.0000,62261.0000,A,283010.2406,Johnson & Johnson
006266,22111,2016/03/31,2016,1,INDL,C,D,STD,USD,2016Q1,2016Q1,136231.0000,63584.0000,A,297734.4810,Johnson & Johnson
006266,22111,2016/06/30,2016,2,INDL,C,D,STD,USD,2016Q2,2016Q2,139814.0000,67341.0000,A,332077.4302,Johnson & Johnson
006266,22111,2016/09/30,2016,3,INDL,C,D,STD,USD,2016Q3,2016Q3,140369.0000,67600.0000,A,321618.8479,Johnson & Johnson
006266,22111,2016/12/31,2016,4,INDL,C,D,STD,USD,2016Q4,2016Q4,141208.0000,70790.0000,A,311817.1323,Johnson & Johnson
007154,43449,2010/03/31,2010,1,INDL,C,D,STD,USD,2010Q1,2010Q1,29825.6000,15708.8000,A,71777.3760,McDonald's Corp
007154,43449,2010/06/30,2010,2,INDL,C,D,STD,USD,2010Q2,2010Q2,28675.4000,15543.6000,A,70107.9441,McDonald's Corp
007154,43449,2010/09/30,2010,3,INDL,C,D,STD,USD,2010Q3,2010Q3,31168.5000,17530.7000,A,78720.3366,McDonald's Corp
007154,43449,2010/12/31,2010,4,INDL,C,D,STD,USD,2010Q4,2010Q4,31975.2000,17341.0000,A,80874.3360,McDonald's Corp
007154,43449,2011/03/31,2011,1,INDL,C,D,STD,USD,2011Q1,2011Q1,32080.2000,17626.6000,A,78950.9840,McDonald's Corp
007154,43449,2011/06/30,2011,2,INDL,C,D,STD,USD,2011Q2,2011Q2,32833.0000,17880.2000,A,86992.9440,McDonald's Corp
007154,43449,2011/09/30,2011,3,INDL,C,D,STD,USD,2011Q3,2011Q3,32277.5000,18939.3000,A,89857.4240,McDonald's Corp
007154,43449,2011/12/31,2011,4,INDL,C,D,STD,USD,2011Q4,2011Q4,32989.9000,18599.7000,A,102477.0620,McDonald's Corp
007154,43449,2012/03/31,2012,1,INDL,C,D,STD,USD,2012Q1,2012Q1,33334.2000,18673.7000,A,99689.2200,McDonald's Corp
007154,43449,2012/06/30,2012,2,INDL,C,D,STD,USD,2012Q2,2012Q2,33332.4000,19297.3000,A,89273.6520,McDonald's Corp
007154,43449,2012/09/30,2012,3,INDL,C,D,STD,USD,2012Q3,2012Q3,33824.5000,19940.4000,A,92117.0000,McDonald's Corp
007154,43449,2012/12/31,2012,4,INDL,C,D,STD,USD,2012Q4,2012Q4,35386.5000,20092.9000,A,88448.1670,McDonald's Corp
007154,43449,2013/03/31,2013,1,INDL,C,D,STD,USD,2013Q1,2013Q1,34123.8000,18895.6000,A,99944.1098,McDonald's Corp
007154,43449,2013/06/30,2013,2,INDL,C,D,STD,USD,2013Q2,2013Q2,34453.4000,19282.7000,A,98964.9540,McDonald's Corp
007154,43449,2013/09/30,2013,3,INDL,C,D,STD,USD,2013Q3,2013Q3,35551.3000,20386.4000,A,95731.8363,McDonald's Corp
007154,43449,2013/12/31,2013,4,INDL,C,D,STD,USD,2013Q4,2013Q4,36626.3000,20616.6000,A,96098.5120,McDonald's Corp
007154,43449,2014/03/31,2014,1,INDL,C,D,STD,USD,2014Q1,2014Q1,36369.1000,20221.4000,A,96892.8520,McDonald's Corp
007154,43449,2014/06/30,2014,2,INDL,C,D,STD,USD,2014Q2,2014Q2,37780.6000,21625.7000,A,98916.6060,McDonald's Corp
007154,43449,2014/09/30,2014,3,INDL,C,D,STD,USD,2014Q3,2014Q3,36020.8000,22394.9000,A,92269.0920,McDonald's Corp
007154,43449,2014/12/31,2014,4,INDL,C,D,STD,USD,2014Q4,2014Q4,34281.4000,21428.0000,A,90223.7300,McDonald's Corp
007154,43449,2015/03/31,2015,1,INDL,C,D,STD,USD,2015Q1,2015Q1,32155.6000,20752.3000,A,93396.2400,McDonald's Corp
007154,43449,2015/06/30,2015,2,INDL,C,D,STD,USD,2015Q2,2015Q2,34947.9000,24387.0000,A,89536.9260,McDonald's Corp
007154,43449,2015/09/30,2015,3,INDL,C,D,STD,USD,2015Q3,2015Q3,32959.5000,24649.7000,A,90473.2019,McDonald's Corp
007154,43449,2015/12/31,2015,4,INDL,C,D,STD,USD,2015Q4,2015Q4,37938.7000,30850.8000,A,107129.3520,McDonald's Corp
007154,43449,2016/03/31,2016,1,INDL,C,D,STD,USD,2016Q1,2016Q1,33795.4000,29932.4000,A,110329.1934,McDonald's Corp
007154,43449,2016/06/30,2016,2,INDL,C,D,STD,USD,2016Q2,2016Q2,33146.5000,32506.5000,A,102693.5831,McDonald's Corp
007154,43449,2016/09/30,2016,3,INDL,C,D,STD,USD,2016Q3,2016Q3,32486.9000,34111.0000,A,95800.0198,McDonald's Corp
007154,43449,2016/12/31,2016,4,INDL,C,D,STD,USD,2016Q4,2016Q4,31023.9000,33228.2000,A,99725.1960,McDonald's Corp
007257,22752,2010/03/31,2010,1,INDL,C,D,STD,USD,2010Q1,2010Q1,111593.8000,51250.6000,A,116443.9287,Merck & Co Inc.
007257,22752,2010/06/30,2010,2,INDL,C,D,STD,USD,2010Q2,2010Q2,106170.5000,48504.8000,A,107753.0610,Merck & Co Inc.
007257,22752,2010/09/30,2010,3,INDL,C,D,STD,USD,2010Q3,2010Q3,107840.1000,49791.8000,A,113371.8184,Merck & Co Inc.
007257,22752,2010/12/31,2010,4,INDL,C,D,STD,USD,2010Q4,2010Q4,105781.0000,48976.0000,A,111079.1363,Merck & Co Inc.
007257,22752,2011/03/31,2011,1,INDL,C,D,STD,USD,2011Q1,2011Q1,105865.0000,49026.0000,A,101845.4559,Merck & Co Inc.
007257,22752,2011/06/30,2011,2,INDL,C,D,STD,USD,2011Q2,2011Q2,106195.0000,48273.0000,A,108799.4935,Merck & Co Inc.
007257,22752,2011/09/30,2011,3,INDL,C,D,STD,USD,2011Q3,2011Q3,106534.0000,48938.0000,A,99798.6996,Merck & Co Inc.
007257,22752,2011/12/31,2011,4,INDL,C,D,STD,USD,2011Q4,2011Q4,105128.0000,48185.0000,A,114639.5926,Merck & Co Inc.
007257,22752,2012/03/31,2012,1,INDL,C,D,STD,USD,2012Q1,2012Q1,105509.0000,48195.0000,A,116812.1856,Merck & Co Inc.
007257,22752,2012/06/30,2012,2,INDL,C,D,STD,USD,2012Q2,2012Q2,105525.0000,47852.0000,A,126874.4508,Merck & Co Inc.
007257,22752,2012/09/30,2012,3,INDL,C,D,STD,USD,2012Q3,2012Q3,106301.0000,48089.0000,A,137287.3984,Merck & Co Inc.
007257,22752,2012/12/31,2012,4,INDL,C,D,STD,USD,2012Q4,2012Q4,106132.0000,50669.0000,A,123910.4369,Merck & Co Inc.
007257,22752,2013/03/31,2013,1,INDL,C,D,STD,USD,2013Q1,2013Q1,106200.0000,50594.0000,A,133368.0192,Merck & Co Inc.
007257,22752,2013/06/30,2013,2,INDL,C,D,STD,USD,2013Q2,2013Q2,106876.0000,56771.0000,A,135934.6709,Merck & Co Inc.
007257,22752,2013/09/30,2013,3,INDL,C,D,STD,USD,2013Q3,2013Q3,106419.0000,56413.0000,A,139333.1183,Merck & Co Inc.
007257,22752,2013/12/31,2013,4,INDL,C,D,STD,USD,2013Q4,2013Q4,105645.0000,53319.0000,A,146522.7264,Merck & Co Inc.
007257,22752,2014/03/31,2014,1,INDL,C,D,STD,USD,2014Q1,2014Q1,108460.0000,55896.0000,A,166309.9290,Merck & Co Inc.
007257,22752,2014/06/30,2014,2,INDL,C,D,STD,USD,2014Q2,2014Q2,97860.0000,49344.0000,A,167748.2235,Merck & Co Inc.
007257,22752,2014/09/30,2014,3,INDL,C,D,STD,USD,2014Q3,2014Q3,101808.0000,56448.0000,A,169590.7730,Merck & Co Inc.
007257,22752,2014/12/31,2014,4,INDL,C,D,STD,USD,2014Q4,2014Q4,98335.0000,49544.0000,A,161177.9706,Merck & Co Inc.
007257,22752,2015/03/31,2015,1,INDL,C,D,STD,USD,2015Q1,2015Q1,108345.0000,60428.0000,A,162575.7997,Merck & Co Inc.
007257,22752,2015/06/30,2015,2,INDL,C,D,STD,USD,2015Q2,2015Q2,102582.0000,55944.0000,A,160767.8151,Merck & Co Inc.
007257,22752,2015/09/30,2015,3,INDL,C,D,STD,USD,2015Q3,2015Q3,101232.0000,55553.0000,A,138402.3867,Merck & Co Inc.
007257,22752,2015/12/31,2015,4,INDL,C,D,STD,USD,2015Q4,2015Q4,101779.0000,57012.0000,A,146899.2338,Merck & Co Inc.
007257,22752,2016/03/31,2016,1,INDL,C,D,STD,USD,2016Q1,2016Q1,98755.0000,54854.0000,A,146537.0492,Merck & Co Inc.
007257,22752,2016/06/30,2016,2,INDL,C,D,STD,USD,2016Q2,2016Q2,96475.0000,53029.0000,A,159327.7715,Merck & Co Inc.
007257,22752,2016/09/30,2016,3,INDL,C,D,STD,USD,2016Q3,2016Q3,98335.0000,54378.0000,A,172355.2630,Merck & Co Inc.
007257,22752,2016/12/31,2016,4,INDL,C,D,STD,USD,2016Q4,2016Q4,95377.0000,55069.0000,A,161817.7940,Merck & Co Inc.
007435,22592,2010/03/31,2010,1,INDL,C,D,STD,USD,2010Q1,2010Q1,28022.0000,14171.0000,A,59591.0928,3M Co
007435,22592,2010/06/30,2010,2,INDL,C,D,STD,USD,2010Q2,2010Q2,28496.0000,14233.0000,A,56330.4547,3M Co
007435,22592,2010/09/30,2010,3,INDL,C,D,STD,USD,2010Q3,2010Q3,30065.0000,14232.0000,A,61985.4239,3M Co
007435,22592,2010/12/31,2010,4,INDL,C,D,STD,USD,2010Q4,2010Q4,30156.0000,14139.0000,A,61443.7014,3M Co
007435,22592,2011/03/31,2011,1,INDL,C,D,STD,USD,2011Q1,2011Q1,31129.0000,14242.0000,A,66438.9495,3M Co
007435,22592,2011/06/30,2011,2,INDL,C,D,STD,USD,2011Q2,2011Q2,32282.0000,14540.0000,A,67299.4896,3M Co
007435,22592,2011/09/30,2011,3,INDL,C,D,STD,USD,2011Q3,2011Q3,32115.0000,14703.0000,A,50313.6626,3M Co
007435,22592,2011/12/31,2011,4,INDL,C,D,STD,USD,2011Q4,2011Q4,31616.0000,15754.0000,A,56799.8981,3M Co
007435,22592,2012/03/31,2012,1,INDL,C,D,STD,USD,2012Q1,2012Q1,32015.0000,15396.0000,A,61900.3211,3M Co
007435,22592,2012/06/30,2012,2,INDL,C,D,STD,USD,2012Q2,2012Q2,33339.0000,16466.0000,A,61942.1824,3M Co
007435,22592,2012/09/30,2012,3,INDL,C,D,STD,USD,2012Q3,2012Q3,34479.0000,16338.0000,A,63948.2630,3M Co
007435,22592,2012/12/31,2012,4,INDL,C,D,STD,USD,2012Q4,2012Q4,33876.0000,15836.0000,A,63796.4922,3M Co
007435,22592,2013/03/31,2013,1,INDL,C,D,STD,USD,2013Q1,2013Q1,34029.0000,15501.0000,A,73374.6305,3M Co
007435,22592,2013/06/30,2013,2,INDL,C,D,STD,USD,2013Q2,2013Q2,34130.0000,15811.0000,A,74737.2258,3M Co
007435,22592,2013/09/30,2013,3,INDL,C,D,STD,USD,2013Q3,2013Q3,33604.0000,15352.0000,A,80395.1707,3M Co
007435,22592,2013/12/31,2013,4,INDL,C,D,STD,USD,2013Q4,2013Q4,33550.0000,15602.0000,A,93027.2640,3M Co
007435,22592,2014/03/31,2014,1,INDL,C,D,STD,USD,2014Q1,2014Q1,33547.0000,15623.0000,A,88759.3535,3M Co
007435,22592,2014/06/30,2014,2,INDL,C,D,STD,USD,2014Q2,2014Q2,33970.0000,16124.0000,A,92815.0796,3M Co
007435,22592,2014/09/30,2014,3,INDL,C,D,STD,USD,2014Q3,2014Q3,32776.0000,16570.0000,A,90791.2359,3M Co
007435,22592,2014/12/31,2014,4,INDL,C,D,STD,USD,2014Q4,2014Q4,31269.0000,18127.0000,A,104365.3832,3M Co
007435,22592,2015/03/31,2015,1,INDL,C,D,STD,USD,2015Q1,2015Q1,30643.0000,16691.0000,A,104634.5480,3M Co
007435,22592,2015/06/30,2015,2,INDL,C,D,STD,USD,2015Q2,2015Q2,31388.0000,18258.0000,A,96398.1535,3M Co
007435,22592,2015/09/30,2015,3,INDL,C,D,STD,USD,2015Q3,2015Q3,33258.0000,21034.0000,A,87289.6320,3M Co
007435,22592,2015/12/31,2015,4,INDL,C,D,STD,USD,2015Q4,2015Q4,32718.0000,20971.0000,A,91789.4712,3M Co
007435,22592,2016/03/31,2016,1,INDL,C,D,STD,USD,2016Q1,2016Q1,32982.0000,21208.0000,A,101063.5945,3M Co
007435,22592,2016/06/30,2016,2,INDL,C,D,STD,USD,2016Q2,2016Q2,33235.0000,21298.0000,A,105842.5280,3M Co
007435,22592,2016/09/30,2016,3,INDL,C,D,STD,USD,2016Q3,2016Q3,34051.0000,22003.0000,A,105996.3532,3M Co
007435,22592,2016/12/31,2016,4,INDL,C,D,STD,USD,2016Q4,2016Q4,32906.0000,22563.0000,A,106557.3618,3M Co
007906,57665,2010/02/28,2009,3,INDL,C,D,STD,USD,2010Q1,2009Q3,13576.3000,4147.1000,A,32698.1200,Nike Inc
007906,57665,2010/05/31,2009,4,INDL,C,D,STD,USD,2010Q2,2009Q4,14419.3000,4665.3000,A,35031.9200,Nike Inc
007906,57665,2010/08/31,2010,1,INDL,C,D,STD,USD,2010Q3,2010Q1,14051.0000,4391.0000,A,33451.0400,Nike Inc
007906,57665,2010/11/30,2010,2,INDL,C,D,STD,USD,2010Q4,2010Q2,14464.0000,4515.0000,A,41212.7744,Nike Inc
007906,57665,2011/02/28,2010,3,INDL,C,D,STD,USD,2011Q1,2010Q3,14478.0000,4576.0000,A,42211.7939,Nike Inc
007906,57665,2011/05/31,2010,4,INDL,C,D,STD,USD,2011Q2,2010Q4,14998.0000,5155.0000,A,39522.6000,Nike Inc
007906,57665,2011/08/31,2011,1,INDL,C,D,STD,USD,2011Q3,2011Q1,14803.0000,4904.0000,A,40176.9189,Nike Inc
007906,57665,2011/11/30,2011,2,INDL,C,D,STD,USD,2011Q4,2011Q2,14565.0000,4722.0000,A,44138.2523,Nike Inc
007906,57665,2012/02/29,2011,3,INDL,C,D,STD,USD,2012Q1,2011Q3,14794.0000,4618.0000,A,49467.0746,Nike Inc
007906,57665,2012/05/31,2011,4,INDL,C,D,STD,USD,2012Q2,2011Q4,15465.0000,5084.0000,A,49546.4400,Nike Inc
007906,57665,2012/08/31,2012,1,INDL,C,D,STD,USD,2012Q3,2012Q1,15114.0000,5067.0000,A,43865.7427,Nike Inc
007906,57665,2012/11/30,2012,2,INDL,C,D,STD,USD,2012Q4,2012Q2,15171.0000,5157.0000,A,43657.0029,Nike Inc
007906,57665,2013/02/28,2012,3,INDL,C,D,STD,USD,2013Q1,2012Q3,15615.0000,4948.0000,A,48666.2729,Nike Inc
007906,57665,2013/05/31,2012,4,INDL,C,D,STD,USD,2013Q2,2012Q4,17584.0000,6428.0000,A,55124.0400,Nike Inc
007906,57665,2013/08/31,2013,1,INDL,C,D,STD,USD,2013Q3,2013Q1,17674.0000,6392.0000,A,55846.9800,Nike Inc
007906,57665,2013/11/30,2013,2,INDL,C,D,STD,USD,2013Q4,2013Q2,17820.0000,6476.0000,A,70276.3200,Nike Inc
007906,57665,2014/02/28,2013,3,INDL,C,D,STD,USD,2014Q1,2013Q3,17803.0000,6670.0000,A,68982.3000,Nike Inc
007906,57665,2014/05/31,2013,4,INDL,C,D,STD,USD,2014Q2,2013Q4,18594.0000,7770.0000,A,66911.7000,Nike Inc
007906,57665,2014/08/31,2014,1,INDL,C,D,STD,USD,2014Q3,2014Q1,18521.0000,7416.0000,A,67867.2000,Nike Inc
007906,57665,2014/11/30,2014,2,INDL,C,D,STD,USD,2014Q4,2014Q2,19167.0000,7467.0000,A,85786.5600,Nike Inc
007906,57665,2015/02/28,2014,3,INDL,C,D,STD,USD,2015Q1,2014Q3,20541.0000,8173.0000,A,83523.2000,Nike Inc
007906,57665,2015/05/31,2014,4,INDL,C,D,STD,USD,2015Q2,2014Q4,21600.0000,8893.0000,A,87131.1900,Nike Inc
007906,57665,2015/08/31,2015,1,INDL,C,D,STD,USD,2015Q3,2015Q1,20766.0000,7872.0000,A,95434.5000,Nike Inc
007906,57665,2015/11/30,2015,2,INDL,C,D,STD,USD,2015Q4,2015Q2,22583.0000,9178.0000,A,112900.9800,Nike Inc
007906,57665,2016/02/29,2015,3,INDL,C,D,STD,USD,2016Q1,2015Q3,20987.0000,8687.0000,A,103779.1500,Nike Inc
007906,57665,2016/05/31,2015,4,INDL,C,D,STD,USD,2016Q2,2015Q4,21396.0000,9138.0000,A,92880.0400,Nike Inc
007906,57665,2016/08/31,2016,1,INDL,C,D,STD,USD,2016Q3,2016Q1,21156.0000,8991.0000,A,96143.5200,Nike Inc
007906,57665,2016/11/30,2016,2,INDL,C,D,STD,USD,2016Q4,2016Q2,22652.0000,10329.0000,A,82915.9200,Nike Inc
008530,21936,2010/03/31,2010,1,INDL,C,D,STD,USD,2010Q1,2010Q1,195113.0000,105031.0000,A,138334.1981,Pfizer Inc
008530,21936,2010/06/30,2010,2,INDL,C,D,STD,USD,2010Q2,2010Q2,191071.0000,104193.0000,A,114625.8443,Pfizer Inc
008530,21936,2010/09/30,2010,3,INDL,C,D,STD,USD,2010Q3,2010Q3,191415.0000,103347.0000,A,137530.8587,Pfizer Inc
008530,21936,2010/12/31,2010,4,INDL,C,D,STD,USD,2010Q4,2010Q4,195014.0000,106749.0000,A,140290.1200,Pfizer Inc
008530,21936,2011/03/31,2011,1,INDL,C,D,STD,USD,2011Q1,2011Q1,194956.0000,104423.0000,A,160471.9503,Pfizer Inc
008530,21936,2011/06/30,2011,2,INDL,C,D,STD,USD,2011Q2,2011Q2,195899.0000,106936.0000,A,160723.8162,Pfizer Inc
008530,21936,2011/09/30,2011,3,INDL,C,D,STD,USD,2011Q3,2011Q3,196132.0000,105602.0000,A,135905.5766,Pfizer Inc
008530,21936,2011/12/31,2011,4,INDL,C,D,STD,USD,2011Q4,2011Q4,188002.0000,105381.0000,A,163923.0000,Pfizer Inc
008530,21936,2012/03/31,2012,1,INDL,C,D,STD,USD,2012Q1,2012Q1,185683.0000,102006.0000,A,169568.8397,Pfizer Inc
008530,21936,2012/06/30,2012,2,INDL,C,D,STD,USD,2012Q2,2012Q2,182842.0000,102881.0000,A,171798.1320,Pfizer Inc
008530,21936,2012/09/30,2012,3,INDL,C,D,STD,USD,2012Q3,2012Q3,182603.0000,100488.0000,A,182959.9639,Pfizer Inc
008530,21936,2012/12/31,2012,4,INDL,C,D,STD,USD,2012Q4,2012Q4,185798.0000,104120.0000,A,182476.9868,Pfizer Inc
008530,21936,2013/03/31,2013,1,INDL,C,D,STD,USD,2013Q1,2013Q1,187398.0000,104571.0000,A,204710.4158,Pfizer Inc
008530,21936,2013/06/30,2013,2,INDL,C,D,STD,USD,2013Q2,2013Q2,179335.0000,100358.0000,A,185434.6030,Pfizer Inc
008530,21936,2013/09/30,2013,3,INDL,C,D,STD,USD,2013Q3,2013Q3,175521.0000,97167.0000,A,186168.7645,Pfizer Inc
008530,21936,2013/12/31,2013,4,INDL,C,D,STD,USD,2013Q4,2013Q4,172101.0000,95481.0000,A,196001.3700,Pfizer Inc
008530,21936,2014/03/31,2014,1,INDL,C,D,STD,USD,2014Q1,2014Q1,171808.0000,93740.0000,A,204884.4222,Pfizer Inc
008530,21936,2014/06/30,2014,2,INDL,C,D,STD,USD,2014Q2,2014Q2,172612.0000,95656.0000,A,188196.8138,Pfizer Inc
008530,21936,2014/09/30,2014,3,INDL,C,D,STD,USD,2014Q3,2014Q3,171362.0000,93057.0000,A,186310.4275,Pfizer Inc
008530,21936,2014/12/31,2014,4,INDL,C,D,STD,USD,2014Q4,2014Q4,169274.0000,97652.0000,A,195964.6500,Pfizer Inc
008530,21936,2015/03/31,2015,1,INDL,C,D,STD,USD,2015Q1,2015Q1,160640.0000,93053.0000,A,214225.3393,Pfizer Inc
008530,21936,2015/06/30,2015,2,INDL,C,D,STD,USD,2015Q2,2015Q2,160878.0000,93698.0000,A,206791.1784,Pfizer Inc
008530,21936,2015/09/30,2015,3,INDL,C,D,STD,USD,2015Q3,2015Q3,170867.0000,103743.0000,A,193893.9928,Pfizer Inc
008530,21936,2015/12/31,2015,4,INDL,C,D,STD,USD,2015Q4,2015Q4,167460.0000,102462.0000,A,199329.0000,Pfizer Inc
008530,21936,2016/03/31,2016,1,INDL,C,D,STD,USD,2016Q1,2016Q1,162929.0000,99582.0000,A,179762.1244,Pfizer Inc
008530,21936,2016/06/30,2016,2,INDL,C,D,STD,USD,2016Q2,2016Q2,170658.0000,107592.0000,A,213571.6069,Pfizer Inc
008530,21936,2016/09/30,2016,3,INDL,C,D,STD,USD,2016Q3,2016Q3,178430.0000,114829.0000,A,205535.1839,Pfizer Inc
008530,21936,2016/12/31,2016,4,INDL,C,D,STD,USD,2016Q4,2016Q4,171615.0000,111775.0000,A,197153.6000,Pfizer Inc
008762,18163,2010/03/31,2010,3,INDL,C,D,STD,USD,2010Q1,2010Q3,132986.0000,66213.0000,A,182211.5261,Procter & Gamble Co (The)
008762,18163,2010/06/30,2010,4,INDL,C,D,STD,USD,2010Q2,2010Q4,128172.0000,66733.0000,A,170553.1300,Procter & Gamble Co (The)
008762,18163,2010/09/30,2011,1,INDL,C,D,STD,USD,2010Q3,2011Q1,133692.0000,70491.0000,A,167867.6042,Procter & Gamble Co (The)
008762,18163,2010/12/31,2011,2,INDL,C,D,STD,USD,2010Q4,2011Q2,134273.0000,69560.0000,A,180174.4347,Procter & Gamble Co (The)
008762,18163,2011/03/31,2011,3,INDL,C,D,STD,USD,2011Q1,2011Q3,136538.0000,69106.0000,A,171943.7104,Procter & Gamble Co (The)
008762,18163,2011/06/30,2011,4,INDL,C,D,STD,USD,2011Q2,2011Q4,138354.0000,70353.0000,A,175815.5490,Procter & Gamble Co (The)
008762,18163,2011/09/30,2012,1,INDL,C,D,STD,USD,2011Q3,2012Q1,136617.0000,70983.0000,A,173828.3976,Procter & Gamble Co (The)
008762,18163,2011/12/31,2012,2,INDL,C,D,STD,USD,2011Q4,2012Q2,134311.0000,69411.0000,A,183745.9573,Procter & Gamble Co (The)
008762,18163,2012/03/31,2012,3,INDL,C,D,STD,USD,2012Q1,2012Q3,134605.0000,68696.0000,A,184162.5243,Procter & Gamble Co (The)
008762,18163,2012/06/30,2012,4,INDL,C,D,STD,USD,2012Q2,2012Q4,132244.0000,68209.0000,A,168315.0000,Procter & Gamble Co (The)
008762,18163,2012/09/30,2013,1,INDL,C,D,STD,USD,2012Q3,2013Q1,135888.0000,70940.0000,A,189646.2622,Procter & Gamble Co (The)
008762,18163,2012/12/31,2013,2,INDL,C,D,STD,USD,2012Q4,2013Q2,139903.0000,72580.0000,A,185451.7864,Procter & Gamble Co (The)
008762,18163,2013/03/31,2013,3,INDL,C,D,STD,USD,2013Q1,2013Q3,139131.0000,71178.0000,A,211203.9674,Procter & Gamble Co (The)
008762,18163,2013/06/30,2013,4,INDL,C,D,STD,USD,2013Q2,2013Q4,139263.0000,70554.0000,A,211131.7557,Procter & Gamble Co (The)
008762,18163,2013/09/30,2014,1,INDL,C,D,STD,USD,2013Q3,2014Q1,141125.0000,72309.0000,A,205471.0813,Procter & Gamble Co (The)
008762,18163,2013/12/31,2014,2,INDL,C,D,STD,USD,2013Q4,2014Q2,142927.0000,72789.0000,A,220735.7253,Procter & Gamble Co (The)
008762,18163,2014/03/31,2014,3,INDL,C,D,STD,USD,2014Q1,2014Q3,143197.0000,73156.0000,A,218100.3760,Procter & Gamble Co (The)
008762,18163,2014/06/30,2014,4,INDL,C,D,STD,USD,2014Q2,2014Q4,144266.0000,74290.0000,A,213042.2435,Procter & Gamble Co (The)
008762,18163,2014/09/30,2015,1,INDL,C,D,STD,USD,2014Q3,2015Q1,138183.0000,71354.0000,A,226275.4451,Procter & Gamble Co (The)
008762,18163,2014/12/31,2015,2,INDL,C,D,STD,USD,2014Q4,2015Q2,136263.0000,71451.0000,A,245989.4559,Procter & Gamble Co (The)
008762,18163,2015/03/31,2015,3,INDL,C,D,STD,USD,2015Q1,2015Q3,130937.0000,67557.0000,A,222302.8922,Procter & Gamble Co (The)
008762,18163,2015/06/30,2015,4,INDL,C,D,STD,USD,2015Q2,2015Q4,129495.0000,66445.0000,A,212388.0350,Procter & Gamble Co (The)
008762,18163,2015/09/30,2016,1,INDL,C,D,STD,USD,2015Q3,2016Q1,129265.0000,66311.0000,A,195718.0216,Procter & Gamble Co (The)
008762,18163,2015/12/31,2016,2,INDL,C,D,STD,USD,2015Q4,2016Q2,129143.0000,66841.0000,A,214769.5861,Procter & Gamble Co (The)
008762,18163,2016/03/31,2016,3,INDL,C,D,STD,USD,2016Q1,2016Q3,127508.0000,67655.0000,A,219097.0381,Procter & Gamble Co (The)
008762,18163,2016/06/30,2016,4,INDL,C,D,STD,USD,2016Q2,2016Q4,127136.0000,69153.0000,A,225905.8256,Procter & Gamble Co (The)
008762,18163,2016/09/30,2017,1,INDL,C,D,STD,USD,2016Q3,2017Q1,129043.0000,70092.0000,A,240170.3718,Procter & Gamble Co (The)
008762,18163,2016/12/31,2017,2,INDL,C,D,STD,USD,2016Q4,2017Q2,117033.0000,63289.0000,A,214948.5862,Procter & Gamble Co (The)
010903,92655,2010/03/31,2010,1,INDL,C,D,STD,USD,2010Q1,2010Q1,59541.0000,35222.0000,A,37015.1100,Unitedhealth Group Inc
010903,92655,2010/06/30,2010,2,INDL,C,D,STD,USD,2010Q2,2010Q2,60424.0000,35595.0000,A,31666.0000,Unitedhealth Group Inc
010903,92655,2010/09/30,2010,3,INDL,C,D,STD,USD,2010Q3,2010Q3,63023.0000,37412.0000,A,38585.8900,Unitedhealth Group Inc
010903,92655,2010/12/31,2010,4,INDL,C,D,STD,USD,2010Q4,2010Q4,63063.0000,37238.0000,A,39215.4600,Unitedhealth Group Inc
010903,92655,2011/03/31,2011,1,INDL,C,D,STD,USD,2011Q1,2011Q1,65335.0000,38764.0000,A,48680.4000,Unitedhealth Group Inc
010903,92655,2011/06/30,2011,2,INDL,C,D,STD,USD,2011Q2,2011Q2,66115.0000,38752.0000,A,55139.0200,Unitedhealth Group Inc
010903,92655,2011/09/30,2011,3,INDL,C,D,STD,USD,2011Q3,2011Q3,70910.0000,43038.0000,A,48610.4800,Unitedhealth Group Inc
010903,92655,2011/12/31,2011,4,INDL,C,D,STD,USD,2011Q4,2011Q4,67889.0000,39597.0000,A,52656.5200,Unitedhealth Group Inc
010903,92655,2012/03/31,2012,1,INDL,C,D,STD,USD,2012Q1,2012Q1,72690.0000,43834.0000,A,60885.0200,Unitedhealth Group Inc
010903,92655,2012/06/30,2012,2,INDL,C,D,STD,USD,2012Q2,2012Q2,73465.0000,44090.0000,A,59904.0000,Unitedhealth Group Inc
010903,92655,2012/09/30,2012,3,INDL,C,D,STD,USD,2012Q3,2012Q3,71700.0000,41477.0000,A,56074.9200,Unitedhealth Group Inc
010903,92655,2012/12/31,2012,4,INDL,C,D,STD,USD,2012Q4,2012Q4,80885.0000,47586.0000,A,55270.5600,Unitedhealth Group Inc
010903,92655,2013/03/31,2013,1,INDL,C,D,STD,USD,2013Q1,2013Q1,83126.0000,49181.0000,A,57953.7300,Unitedhealth Group Inc
010903,92655,2013/06/30,2013,2,INDL,C,D,STD,USD,2013Q2,2013Q2,80201.0000,48051.0000,A,65872.8800,Unitedhealth Group Inc
010903,92655,2013/09/30,2013,3,INDL,C,D,STD,USD,2013Q3,2013Q3,81863.0000,48717.0000,A,71466.7800,Unitedhealth Group Inc
010903,92655,2013/12/31,2013,4,INDL,C,D,STD,USD,2013Q4,2013Q4,81882.0000,48558.0000,A,74396.4000,Unitedhealth Group Inc
010903,92655,2014/03/31,2014,1,INDL,C,D,STD,USD,2014Q1,2014Q1,84622.0000,50805.0000,A,80678.1600,Unitedhealth Group Inc
010903,92655,2014/06/30,2014,2,INDL,C,D,STD,USD,2014Q2,2014Q2,85466.0000,51228.0000,A,79542.7500,Unitedhealth Group Inc
010903,92655,2014/09/30,2014,3,INDL,C,D,STD,USD,2014Q3,2014Q3,85426.0000,51436.0000,A,82972.5000,Unitedhealth Group Inc
010903,92655,2014/12/31,2014,4,INDL,C,D,STD,USD,2014Q4,2014Q4,86382.0000,52540.0000,A,96439.8600,Unitedhealth Group Inc
010903,92655,2015/03/31,2015,1,INDL,C,D,STD,USD,2015Q1,2015Q1,89719.0000,56389.0000,A,112612.0800,Unitedhealth Group Inc
010903,92655,2015/06/30,2015,2,INDL,C,D,STD,USD,2015Q2,2015Q2,91423.0000,56788.0000,A,116144.0000,Unitedhealth Group Inc
010903,92655,2015/09/30,2015,3,INDL,C,D,STD,USD,2015Q3,2015Q3,108272.0000,73579.0000,A,110557.5300,Unitedhealth Group Inc
010903,92655,2015/12/31,2015,4,INDL,C,D,STD,USD,2015Q4,2015Q4,111383.0000,75922.0000,A,112110.9200,Unitedhealth Group Inc
010903,92655,2016/03/31,2016,1,INDL,C,D,STD,USD,2016Q1,2016Q1,117855.0000,80964.0000,A,122970.6000,Unitedhealth Group Inc
010903,92655,2016/06/30,2016,2,INDL,C,D,STD,USD,2016Q2,2016Q2,119603.0000,81572.0000,A,134281.2000,Unitedhealth Group Inc
010903,92655,2016/09/30,2016,3,INDL,C,D,STD,USD,2016Q3,2016Q3,123642.0000,84151.0000,A,133280.0000,Unitedhealth Group Inc
010903,92655,2016/12/31,2016,4,INDL,C,D,STD,USD,2016Q4,2016Q4,122810.0000,82621.0000,A,152358.0800,Unitedhealth Group Inc
010983,17830,2010/03/31,2010,1,INDL,C,D,STD,USD,2010Q1,2010Q1,58388.0000,37087.0000,A,68684.0188,United Technologies Corp
010983,17830,2010/06/30,2010,2,INDL,C,D,STD,USD,2010Q2,2010Q2,58343.0000,37117.0000,A,60305.9337,United Technologies Corp
010983,17830,2010/09/30,2010,3,INDL,C,D,STD,USD,2010Q3,2010Q3,60649.0000,38078.0000,A,65774.2806,United Technologies Corp
010983,17830,2010/12/31,2010,4,INDL,C,D,STD,USD,2010Q4,2010Q4,58493.0000,35844.0000,A,72522.2957,United Technologies Corp
010983,17830,2011/03/31,2011,1,INDL,C,D,STD,USD,2011Q1,2011Q1,60664.0000,37219.0000,A,77476.9283,United Technologies Corp
010983,17830,2011/06/30,2011,2,INDL,C,D,STD,USD,2011Q2,2011Q2,62147.0000,38060.0000,A,80430.1876,United Technologies Corp
010983,17830,2011/09/30,2011,3,INDL,C,D,STD,USD,2011Q3,2011Q3,61948.0000,38033.0000,A,63752.3517,United Technologies Corp
010983,17830,2011/12/31,2011,4,INDL,C,D,STD,USD,2011Q4,2011Q4,61452.0000,38274.0000,A,66308.8560,United Technologies Corp
010983,17830,2012/03/31,2012,1,INDL,C,D,STD,USD,2012Q1,2012Q1,61724.0000,37932.0000,A,75588.0325,United Technologies Corp
010983,17830,2012/06/30,2012,2,INDL,C,D,STD,USD,2012Q2,2012Q2,74653.0000,50690.0000,A,68867.2721,United Technologies Corp
010983,17830,2012/09/30,2012,3,INDL,C,D,STD,USD,2012Q3,2012Q3,91946.0000,65622.0000,A,71756.3081,United Technologies Corp
010983,17830,2012/12/31,2012,4,INDL,C,D,STD,USD,2012Q4,2012Q4,89409.0000,62102.0000,A,75354.8065,United Technologies Corp
010983,17830,2013/03/31,2013,1,INDL,C,D,STD,USD,2013Q1,2013Q1,88513.0000,60695.0000,A,85890.2924,United Technologies Corp
010983,17830,2013/06/30,2013,2,INDL,C,D,STD,USD,2013Q2,2013Q2,88744.0000,60201.0000,A,85273.2865,United Technologies Corp
010983,17830,2013/09/30,2013,3,INDL,C,D,STD,USD,2013Q3,2013Q3,90326.0000,60283.0000,A,98933.6912,United Technologies Corp
010983,17830,2013/12/31,2013,4,INDL,C,D,STD,USD,2013Q4,2013Q4,90594.0000,57264.0000,A,104318.8668,United Technologies Corp
010983,17830,2014/03/31,2014,1,INDL,C,D,STD,USD,2014Q1,2014Q1,91229.0000,57397.0000,A,107110.8500,United Technologies Corp
010983,17830,2014/06/30,2014,2,INDL,C,D,STD,USD,2014Q2,2014Q2,92142.0000,56803.0000,A,105614.8145,United Technologies Corp
010983,17830,2014/09/30,2014,3,INDL,C,D,STD,USD,2014Q3,2014Q3,91774.0000,56244.0000,A,96271.0848,United Technologies Corp
010983,17830,2014/12/31,2014,4,INDL,C,D,STD,USD,2014Q4,2014Q4,91289.0000,58585.0000,A,104578.1250,United Technologies Corp
010983,17830,2015/03/31,2015,1,INDL,C,D,STD,USD,2015Q1,2015Q1,91327.0000,61025.0000,A,104331.6744,United Technologies Corp
010983,17830,2015/06/30,2015,2,INDL,C,D,STD,USD,2015Q2,2015Q2,92773.0000,60701.0000,A,98794.0361,United Technologies Corp
010983,17830,2015/09/30,2015,3,INDL,C,D,STD,USD,2015Q3,2015Q3,92135.0000,59952.0000,A,78935.9988,United Technologies Corp
010983,17830,2015/12/31,2015,4,INDL,C,D,STD,USD,2015Q4,2015Q4,87484.0000,58518.0000,A,80539.7081,United Technologies Corp
010983,17830,2016/03/31,2016,1,INDL,C,D,STD,USD,2016Q1,2016Q1,88571.0000,58541.0000,A,83770.2866,United Technologies Corp
010983,17830,2016/06/30,2016,2,INDL,C,D,STD,USD,2016Q2,2016Q2,89480.0000,58518.0000,A,85826.8639,United Technologies Corp
010983,17830,2016/09/30,2016,3,INDL,C,D,STD,USD,2016Q3,2016Q3,90062.0000,58983.0000,A,83658.0496,United Technologies Corp
010983,17830,2016/12/31,2016,4,INDL,C,D,STD,USD,2016Q4,2016Q4,89706.0000,60241.0000,A,88649.8036,United Technologies Corp
011259,55976,2010/01/31,2009,4,INDL,C,D,STD,USD,2009Q4,2009Q4,170706.0000,97470.0000,A,202285.9800,Wal-Mart Stores Inc
011259,55976,2010/04/30,2010,1,INDL,C,D,STD,USD,2010Q1,2010Q1,174371.0000,105444.0000,A,200399.0400,Wal-Mart Stores Inc
011259,55976,2010/07/31,2010,2,INDL,C,D,STD,USD,2010Q2,2010Q2,176944.0000,109725.0000,A,187099.4500,Wal-Mart Stores Inc
011259,55976,2010/10/31,2010,3,INDL,C,D,STD,USD,2010Q3,2010Q3,186890.0000,118503.0000,A,194091.1100,Wal-Mart Stores Inc
011259,55976,2011/01/31,2010,4,INDL,C,D,STD,USD,2010Q4,2010Q4,180663.0000,109008.0000,A,197142.1200,Wal-Mart Stores Inc
011259,55976,2011/04/30,2011,1,INDL,C,D,STD,USD,2011Q1,2011Q1,186065.0000,117650.0000,A,191275.4200,Wal-Mart Stores Inc
011259,55976,2011/07/31,2011,2,INDL,C,D,STD,USD,2011Q2,2011Q2,193656.0000,120380.0000,A,182482.0200,Wal-Mart Stores Inc
011259,55976,2011/10/31,2011,3,INDL,C,D,STD,USD,2011Q3,2011Q3,195039.0000,123275.0000,A,194946.6400,Wal-Mart Stores Inc
011259,55976,2012/01/31,2011,4,INDL,C,D,STD,USD,2011Q4,2011Q4,193406.0000,117241.0000,A,209728.4800,Wal-Mart Stores Inc
011259,55976,2012/04/30,2012,1,INDL,C,D,STD,USD,2012Q1,2012Q1,197100.0000,122709.0000,A,199999.4500,Wal-Mart Stores Inc
011259,55976,2012/07/31,2012,2,INDL,C,D,STD,USD,2012Q2,2012Q2,195661.0000,120520.0000,A,250977.9600,Wal-Mart Stores Inc
011259,55976,2012/10/31,2012,3,INDL,C,D,STD,USD,2012Q3,2012Q3,205818.0000,126725.0000,A,251917.1600,Wal-Mart Stores Inc
011259,55976,2013/01/31,2012,4,INDL,C,D,STD,USD,2012Q4,2012Q4,203105.0000,120848.0000,A,231814.3000,Wal-Mart Stores Inc
011259,55976,2013/04/30,2013,1,INDL,C,D,STD,USD,2013Q1,2013Q1,202187.0000,125797.0000,A,255465.6400,Wal-Mart Stores Inc
011259,55976,2013/07/31,2013,2,INDL,C,D,STD,USD,2013Q2,2013Q2,200969.0000,123788.0000,A,254552.0400,Wal-Mart Stores Inc
011259,55976,2013/10/31,2013,3,INDL,C,D,STD,USD,2013Q3,2013Q3,209876.0000,129862.0000,A,248823.5000,Wal-Mart Stores Inc
011259,55976,2014/01/31,2013,4,INDL,C,D,STD,USD,2013Q4,2013Q4,204751.0000,121921.0000,A,241440.4400,Wal-Mart Stores Inc
011259,55976,2014/04/30,2014,1,INDL,C,D,STD,USD,2014Q1,2014Q1,202746.0000,124547.0000,A,257463.3000,Wal-Mart Stores Inc
011259,55976,2014/07/31,2014,2,INDL,C,D,STD,USD,2014Q2,2014Q2,203985.0000,121162.0000,A,237442.6600,Wal-Mart Stores Inc
011259,55976,2014/10/31,2014,3,INDL,C,D,STD,USD,2014Q3,2014Q3,207889.0000,123836.0000,A,246123.2900,Wal-Mart Stores Inc
011259,55976,2015/01/31,2014,4,INDL,C,D,STD,USD,2014Q4,2014Q4,203706.0000,117769.0000,A,274315.4400,Wal-Mart Stores Inc
011259,55976,2015/04/30,2015,1,INDL,C,D,STD,USD,2015Q1,2015Q1,200747.0000,120757.0000,A,251867.3500,Wal-Mart Stores Inc
011259,55976,2015/07/31,2015,2,INDL,C,D,STD,USD,2015Q2,2015Q2,198620.0000,116496.0000,A,231415.7000,Wal-Mart Stores Inc
011259,55976,2015/10/31,2015,3,INDL,C,D,STD,USD,2015Q3,2015Q3,205144.0000,122514.0000,A,183740.4000,Wal-Mart Stores Inc
011259,55976,2016/01/31,2015,4,INDL,C,D,STD,USD,2015Q4,2015Q4,199581.0000,115970.0000,A,209830.3200,Wal-Mart Stores Inc
011259,55976,2016/04/30,2016,1,INDL,C,D,STD,USD,2016Q1,2016Q1,198705.0000,120947.0000,A,208968.7500,Wal-Mart Stores Inc
011259,55976,2016/07/31,2016,2,INDL,C,D,STD,USD,2016Q2,2016Q2,197886.0000,118742.0000,A,225988.0900,Wal-Mart Stores Inc
011259,55976,2016/10/31,2016,3,INDL,C,D,STD,USD,2016Q3,2016Q3,206857.0000,126382.0000,A,215591.5800,Wal-Mart Stores Inc
012141,10107,2010/03/31,2010,3,INDL,C,D,STD,USD,2010Q1,2010Q3,84910.0000,39200.0000,A,256617.0750,Microsoft Corp
012141,10107,2010/06/30,2010,4,INDL,C,D,STD,USD,2010Q2,2010Q4,86113.0000,39938.0000,A,199450.6800,Microsoft Corp
012141,10107,2010/09/30,2011,1,INDL,C,D,STD,USD,2010Q3,2011Q1,91540.0000,44598.0000,A,209683.3800,Microsoft Corp
012141,10107,2010/12/31,2011,2,INDL,C,D,STD,USD,2010Q4,2011Q2,92306.0000,43825.0000,A,234527.7300,Microsoft Corp
012141,10107,2011/03/31,2011,3,INDL,C,D,STD,USD,2011Q1,2011Q3,99727.0000,46275.0000,A,214063.0900,Microsoft Corp
012141,10107,2011/06/30,2011,4,INDL,C,D,STD,USD,2011Q2,2011Q4,108704.0000,51621.0000,A,217776.0000,Microsoft Corp
012141,10107,2011/09/30,2012,1,INDL,C,D,STD,USD,2011Q3,2012Q1,107415.0000,48024.0000,A,209324.9000,Microsoft Corp
012141,10107,2011/12/31,2012,2,INDL,C,D,STD,USD,2011Q4,2012Q2,112243.0000,48122.0000,A,217596.7200,Microsoft Corp
012141,10107,2012/03/31,2012,3,INDL,C,D,STD,USD,2012Q1,2012Q3,118010.0000,49351.0000,A,270942.0000,Microsoft Corp
012141,10107,2012/06/30,2012,4,INDL,C,D,STD,USD,2012Q2,2012Q4,121271.0000,54908.0000,A,256374.7900,Microsoft Corp
012141,10107,2012/09/30,2013,1,INDL,C,D,STD,USD,2012Q3,2013Q1,121876.0000,53040.0000,A,250638.7200,Microsoft Corp
012141,10107,2012/12/31,2013,2,INDL,C,D,STD,USD,2012Q4,2013Q2,128683.0000,56107.0000,A,223667.0278,Microsoft Corp
012141,10107,2013/03/31,2013,3,INDL,C,D,STD,USD,2013Q1,2013Q3,134105.0000,57417.0000,A,238823.1450,Microsoft Corp
012141,10107,2013/06/30,2013,4,INDL,C,D,STD,USD,2013Q2,2013Q4,142431.0000,63487.0000,A,287690.7600,Microsoft Corp
012141,10107,2013/09/30,2014,1,INDL,C,D,STD,USD,2013Q3,2014Q1,142348.0000,60707.0000,A,277754.8800,Microsoft Corp
012141,10107,2013/12/31,2014,2,INDL,C,D,STD,USD,2013Q4,2014Q2,153543.0000,68443.0000,A,310503.0000,Microsoft Corp
012141,10107,2014/03/31,2014,3,INDL,C,D,STD,USD,2014Q1,2014Q3,156119.0000,68695.0000,A,338577.4000,Microsoft Corp
012141,10107,2014/06/30,2014,4,INDL,C,D,STD,USD,2014Q2,2014Q4,172384.0000,82600.0000,A,343566.3000,Microsoft Corp
012141,10107,2014/09/30,2015,1,INDL,C,D,STD,USD,2014Q3,2015Q1,169656.0000,79486.0000,A,382701.8000,Microsoft Corp
012141,10107,2014/12/31,2015,2,INDL,C,D,STD,USD,2014Q4,2015Q2,174848.0000,82969.0000,A,381726.1000,Microsoft Corp
012141,10107,2015/03/31,2015,3,INDL,C,D,STD,USD,2015Q1,2015Q3,176683.0000,86551.0000,A,329834.0150,Microsoft Corp
012141,10107,2015/06/30,2015,4,INDL,C,D,STD,USD,2015Q2,2015Q4,176223.0000,96140.0000,A,354392.0500,Microsoft Corp
012141,10107,2015/09/30,2016,1,INDL,C,D,STD,USD,2015Q3,2016Q1,172896.0000,95451.0000,A,353460.3600,Microsoft Corp
012141,10107,2015/12/31,2016,2,INDL,C,D,STD,USD,2015Q4,2016Q2,180098.0000,103318.0000,A,439679.0000,Microsoft Corp
012141,10107,2016/03/31,2016,3,INDL,C,D,STD,USD,2016Q1,2016Q3,181869.0000,107063.0000,A,434660.1000,Microsoft Corp
012141,10107,2016/06/30,2016,4,INDL,C,D,STD,USD,2016Q2,2016Q4,193694.0000,121697.0000,A,399535.3600,Microsoft Corp
012141,10107,2016/09/30,2017,1,INDL,C,D,STD,USD,2016Q3,2017Q1,212524.0000,142152.0000,A,448358.4000,Microsoft Corp
012141,10107,2016/12/31,2017,2,INDL,C,D,STD,USD,2016Q4,2017Q2,224610.0000,155801.0000,A,480342.2000,Microsoft Corp
020779,76076,2010/01/31,2010,2,INDL,C,D,STD,USD,2009Q4,2010Q2,76403.0000,34871.0000,A,128842.9800,Cisco Systems Inc
020779,76076,2010/04/30,2010,3,INDL,C,D,STD,USD,2010Q1,2010Q3,79292.0000,35440.0000,A,154093.4600,Cisco Systems Inc
020779,76076,2010/07/31,2010,4,INDL,C,D,STD,USD,2010Q2,2010Q4,81130.0000,36845.0000,A,130460.8500,Cisco Systems Inc
020779,76076,2010/10/31,2011,1,INDL,C,D,STD,USD,2010Q3,2011Q1,80015.0000,35320.0000,A,127490.2200,Cisco Systems Inc
020779,76076,2011/01/31,2011,2,INDL,C,D,STD,USD,2010Q4,2011Q2,81981.0000,36295.0000,A,117022.9500,Cisco Systems Inc
020779,76076,2011/04/30,2011,3,INDL,C,D,STD,USD,2011Q1,2011Q3,85350.0000,38144.0000,A,96377.5200,Cisco Systems Inc
020779,76076,2011/07/31,2011,4,INDL,C,D,STD,USD,2011Q2,2011Q4,87095.0000,39836.0000,A,86796.9500,Cisco Systems Inc
020779,76076,2011/10/31,2012,1,INDL,C,D,STD,USD,2011Q3,2012Q1,86964.0000,39750.0000,A,99524.6300,Cisco Systems Inc
020779,76076,2012/01/31,2012,2,INDL,C,D,STD,USD,2011Q4,2012Q2,89259.0000,39994.0000,A,105650.8100,Cisco Systems Inc
020779,76076,2012/04/30,2012,3,INDL,C,D,STD,USD,2012Q1,2012Q3,91154.0000,39776.0000,A,108494.3650,Cisco Systems Inc
020779,76076,2012/07/31,2012,4,INDL,C,D,STD,USD,2012Q2,2012Q4,91759.0000,40458.0000,A,84503.1000,Cisco Systems Inc
020779,76076,2012/10/31,2013,1,INDL,C,D,STD,USD,2012Q3,2013Q1,92643.0000,39942.0000,A,91057.0950,Cisco Systems Inc
020779,76076,2013/01/31,2013,2,INDL,C,D,STD,USD,2012Q4,2013Q2,96378.0000,40853.0000,A,109494.1100,Cisco Systems Inc
020779,76076,2013/04/30,2013,3,INDL,C,D,STD,USD,2013Q1,2013Q3,97084.0000,40286.0000,A,111189.8000,Cisco Systems Inc
020779,76076,2013/07/31,2013,4,INDL,C,D,STD,USD,2013Q2,2013Q4,101191.0000,42063.0000,A,137904.5100,Cisco Systems Inc
020779,76076,2013/10/31,2014,1,INDL,C,D,STD,USD,2013Q3,2014Q1,100741.0000,41832.0000,A,120718.5600,Cisco Systems Inc
020779,76076,2014/01/31,2014,2,INDL,C,D,STD,USD,2013Q4,2014Q2,98427.0000,42343.0000,A,113734.8100,Cisco Systems Inc
020779,76076,2014/04/30,2014,3,INDL,C,D,STD,USD,2014Q1,2014Q3,101856.0000,46060.0000,A,118230.7600,Cisco Systems Inc
020779,76076,2014/07/31,2014,4,INDL,C,D,STD,USD,2014Q2,2014Q4,105134.0000,48473.0000,A,128849.6100,Cisco Systems Inc
020779,76076,2014/10/31,2015,1,INDL,C,D,STD,USD,2014Q3,2015Q1,103978.0000,47263.0000,A,125017.2300,Cisco Systems Inc
020779,76076,2015/01/31,2015,2,INDL,C,D,STD,USD,2014Q4,2015Q2,104922.0000,47189.0000,A,134646.0550,Cisco Systems Inc
020779,76076,2015/04/30,2015,3,INDL,C,D,STD,USD,2015Q1,2015Q3,106212.0000,47379.0000,A,146831.1900,Cisco Systems Inc
020779,76076,2015/07/31,2015,4,INDL,C,D,STD,USD,2015Q2,2015Q4,113481.0000,53774.0000,A,144515.7000,Cisco Systems Inc
020779,76076,2015/10/31,2016,1,INDL,C,D,STD,USD,2015Q3,2016Q1,111773.0000,51788.0000,A,146615.7000,Cisco Systems Inc
020779,76076,2016/01/31,2016,2,INDL,C,D,STD,USD,2015Q4,2016Q2,112642.0000,51764.0000,A,120187.0800,Cisco Systems Inc
020779,76076,2016/04/30,2016,3,INDL,C,D,STD,USD,2016Q1,2016Q3,118654.0000,56296.0000,A,138384.6600,Cisco Systems Inc
020779,76076,2016/07/31,2016,4,INDL,C,D,STD,USD,2016Q2,2016Q4,121652.0000,58067.0000,A,153535.3700,Cisco Systems Inc
020779,76076,2016/10/31,2017,1,INDL,C,D,STD,USD,2016Q3,2017Q1,126287.0000,62874.0000,A,154136.3200,Cisco Systems Inc
062689,59459,2010/03/31,2010,1,INDL,C,D,STD,USD,2010Q1,2010Q1,108696.0000,82025.0000,A,26808.1800,Travelers Companies Inc (The)
062689,59459,2010/06/30,2010,2,INDL,C,D,STD,USD,2010Q2,2010Q2,107023.0000,80737.0000,A,23186.9000,Travelers Companies Inc (The)
062689,59459,2010/09/30,2010,3,INDL,C,D,STD,USD,2010Q3,2010Q3,108154.0000,80859.0000,A,23992.0500,Travelers Companies Inc (The)
062689,59459,2010/12/31,2010,4,INDL,C,D,STD,USD,2010Q4,2010Q4,105181.0000,79706.0000,A,24211.5660,Travelers Companies Inc (The)
062689,59459,2011/03/31,2011,1,INDL,C,D,STD,USD,2011Q1,2011Q1,105252.0000,80009.0000,A,24999.4440,Travelers Companies Inc (The)
062689,59459,2011/06/30,2011,2,INDL,C,D,STD,USD,2011Q2,2011Q2,106468.0000,81460.0000,A,24490.4100,Travelers Companies Inc (The)
062689,59459,2011/09/30,2011,3,INDL,C,D,STD,USD,2011Q3,2011Q3,106933.0000,81761.0000,A,20115.7440,Travelers Companies Inc (The)
062689,59459,2011/12/31,2011,4,INDL,C,D,STD,USD,2011Q4,2011Q4,104602.0000,80125.0000,A,23241.9760,Travelers Companies Inc (The)
062689,59459,2012/03/31,2012,1,INDL,C,D,STD,USD,2012Q1,2012Q1,104866.0000,79994.0000,A,23076.1600,Travelers Companies Inc (The)
062689,59459,2012/06/30,2012,2,INDL,C,D,STD,USD,2012Q2,2012Q2,104330.0000,79281.0000,A,24642.2400,Travelers Companies Inc (The)
062689,59459,2012/09/30,2012,3,INDL,C,D,STD,USD,2012Q3,2012Q3,105445.0000,79540.0000,A,26075.3200,Travelers Companies Inc (The)
062689,59459,2012/12/31,2012,4,INDL,C,D,STD,USD,2012Q4,2012Q4,104938.0000,79533.0000,A,27104.8680,Travelers Companies Inc (The)
062689,59459,2013/03/31,2013,1,INDL,C,D,STD,USD,2013Q1,2013Q1,103897.0000,78301.0000,A,31689.1160,Travelers Companies Inc (The)
062689,59459,2013/06/30,2013,2,INDL,C,D,STD,USD,2013Q2,2013Q2,101900.0000,77010.0000,A,29850.1200,Travelers Companies Inc (The)
062689,59459,2013/09/30,2013,3,INDL,C,D,STD,USD,2013Q3,2013Q3,102685.0000,77874.0000,A,30864.7570,Travelers Companies Inc (The)
062689,59459,2013/12/31,2013,4,INDL,C,D,STD,USD,2013Q4,2013Q4,103812.0000,79016.0000,A,32005.8900,Travelers Companies Inc (The)
062689,59459,2014/03/31,2014,1,INDL,C,D,STD,USD,2014Q1,2014Q1,104134.0000,78747.0000,A,29572.2500,Travelers Companies Inc (The)
062689,59459,2014/06/30,2014,2,INDL,C,D,STD,USD,2014Q2,2014Q2,104811.0000,79279.0000,A,31889.7300,Travelers Companies Inc (The)
062689,59459,2014/09/30,2014,3,INDL,C,D,STD,USD,2014Q3,2014Q3,104522.0000,79201.0000,A,31131.7160,Travelers Companies Inc (The)
062689,59459,2014/12/31,2014,4,INDL,C,D,STD,USD,2014Q4,2014Q4,103078.0000,78242.0000,A,34104.8700,Travelers Companies Inc (The)
062689,59459,2015/03/31,2015,1,INDL,C,D,STD,USD,2015Q1,2015Q1,102691.0000,77844.0000,A,34461.0310,Travelers Companies Inc (The)
062689,59459,2015/06/30,2015,2,INDL,C,D,STD,USD,2015Q2,2015Q2,101664.0000,77543.0000,A,30080.5920,Travelers Companies Inc (The)
062689,59459,2015/09/30,2015,3,INDL,C,D,STD,USD,2015Q3,2015Q3,102110.0000,78077.0000,A,30277.0260,Travelers Companies Inc (The)
062689,59459,2015/12/31,2015,4,INDL,C,D,STD,USD,2015Q4,2015Q4,100184.0000,76586.0000,A,33395.2740,Travelers Companies Inc (The)
062689,59459,2016/03/31,2016,1,INDL,C,D,STD,USD,2016Q1,2016Q1,101680.0000,77514.0000,A,34126.0040,Travelers Companies Inc (The)
062689,59459,2016/06/30,2016,2,INDL,C,D,STD,USD,2016Q2,2016Q2,102446.0000,77732.0000,A,34319.2320,Travelers Companies Inc (The)
062689,59459,2016/09/30,2016,3,INDL,C,D,STD,USD,2016Q3,2016Q3,102787.0000,78348.0000,A,32543.6550,Travelers Companies Inc (The)
062689,59459,2016/12/31,2016,4,INDL,C,D,STD,USD,2016Q4,2016Q4,100245.0000,77024.0000,A,34228.6320,Travelers Companies Inc (The)
114628,86868,2010/03/31,2010,1,INDL,C,D,STD,USD,2010Q1,2010Q1,880528.0000,806600.0000,A,91901.3180,Goldman Sachs Group Inc (The)
114628,86868,2010/06/30,2010,2,INDL,C,D,STD,USD,2010Q2,2010Q2,883188.0000,808400.0000,A,70938.3080,Goldman Sachs Group Inc (The)
114628,86868,2010/09/30,2010,3,INDL,C,D,STD,USD,2010Q3,2010Q3,908679.0000,832176.0000,A,78159.9480,Goldman Sachs Group Inc (The)
114628,86868,2010/12/31,2010,4,INDL,C,D,STD,USD,2010Q4,2010Q4,911332.0000,833104.0000,A,91966.7040,Goldman Sachs Group Inc (The)
114628,86868,2011/03/31,2011,1,INDL,C,D,STD,USD,2011Q1,2011Q1,933289.0000,859938.0000,A,85025.4600,Goldman Sachs Group Inc (The)
114628,86868,2011/06/30,2011,2,INDL,C,D,STD,USD,2011Q2,2011Q2,936910.0000,863362.0000,A,70125.1210,Goldman Sachs Group Inc (The)
114628,86868,2011/09/30,2011,3,INDL,C,D,STD,USD,2011Q3,2011Q3,948909.0000,877346.0000,A,48315.0500,Goldman Sachs Group Inc (The)
114628,86868,2011/12/31,2011,4,INDL,C,D,STD,USD,2011Q4,2011Q4,923225.0000,851396.0000,A,46689.0090,Goldman Sachs Group Inc (The)
114628,86868,2012/03/31,2012,1,INDL,C,D,STD,USD,2012Q1,2012Q1,950932.0000,877899.0000,A,63403.8260,Goldman Sachs Group Inc (The)
114628,86868,2012/06/30,2012,2,INDL,C,D,STD,USD,2012Q2,2012Q2,948638.0000,874560.0000,A,47584.9040,Goldman Sachs Group Inc (The)
114628,86868,2012/09/30,2012,3,INDL,C,D,STD,USD,2012Q3,2012Q3,949207.0000,874181.0000,A,55259.8480,Goldman Sachs Group Inc (The)
114628,86868,2012/12/31,2012,4,INDL,C,D,STD,USD,2012Q4,2012Q4,938555.0000,862331.0000,A,61292.5800,Goldman Sachs Group Inc (The)
114628,86868,2013/03/31,2013,1,INDL,C,D,STD,USD,2013Q1,2013Q1,959223.0000,881563.0000,A,70425.9900,Goldman Sachs Group Inc (The)
114628,86868,2013/06/30,2013,2,INDL,C,D,STD,USD,2013Q2,2013Q2,938456.0000,860072.0000,A,70860.6250,Goldman Sachs Group Inc (The)
114628,86868,2013/09/30,2013,3,INDL,C,D,STD,USD,2013Q3,2013Q3,923223.0000,845199.0000,A,72539.2850,Goldman Sachs Group Inc (The)
114628,86868,2013/12/31,2013,4,INDL,C,D,STD,USD,2013Q4,2013Q4,911507.0000,832714.0000,A,82851.3240,Goldman Sachs Group Inc (The)
114628,86868,2014/03/31,2014,1,INDL,C,D,STD,USD,2014Q1,2014Q1,915665.0000,836292.0000,A,76157.4800,Goldman Sachs Group Inc (The)
114628,86868,2014/06/30,2014,2,INDL,C,D,STD,USD,2014Q2,2014Q2,859914.0000,778072.0000,A,76654.0320,Goldman Sachs Group Inc (The)
114628,86868,2014/09/30,2014,3,INDL,C,D,STD,USD,2014Q3,2014Q3,868933.0000,786265.0000,A,83120.4960,Goldman Sachs Group Inc (The)
114628,86868,2014/12/31,2014,4,INDL,C,D,STD,USD,2014Q4,2014Q4,856240.0000,773039.0000,A,87514.2450,Goldman Sachs Group Inc (The)
114628,86868,2015/03/31,2015,1,INDL,C,D,STD,USD,2015Q1,2015Q1,865458.0000,779912.0000,A,84755.6730,Goldman Sachs Group Inc (The)
114628,86868,2015/06/30,2015,2,INDL,C,D,STD,USD,2015Q2,2015Q2,859879.0000,771573.0000,A,94268.6850,Goldman Sachs Group Inc (The)
114628,86868,2015/09/30,2015,3,INDL,C,D,STD,USD,2015Q3,2015Q3,880559.0000,792438.0000,A,77531.7120,Goldman Sachs Group Inc (The)
114628,86868,2015/12/31,2015,4,INDL,C,D,STD,USD,2015Q4,2015Q4,861395.0000,774208.0000,A,79589.5680,Goldman Sachs Group Inc (The)
114628,86868,2016/03/31,2016,1,INDL,C,D,STD,USD,2016Q1,2016Q1,878036.0000,790812.0000,A,68631.6560,Goldman Sachs Group Inc (The)
114628,86868,2016/06/30,2016,2,INDL,C,D,STD,USD,2016Q2,2016Q2,896843.0000,809929.0000,A,63354.5120,Goldman Sachs Group Inc (The)
114628,86868,2016/09/30,2016,3,INDL,C,D,STD,USD,2016Q3,2016Q3,879987.0000,792439.0000,A,67539.8760,Goldman Sachs Group Inc (The)
114628,86868,2016/12/31,2016,4,INDL,C,D,STD,USD,2016Q4,2016Q4,860165.0000,772766.0000,A,99323.8600,Goldman Sachs Group Inc (The)
